isotype	Sublineage	Lineage	lat	long	geo	geo_color	abslat	subpop	adm_color	lineage_color	sublineage_color
JU2767	NWD	NWD	48.50481	3.246	Cosmopolitan	gray30	48.50481	Cosmopolitan	white	#00ff00	#00ff00
ED3102	NWD	NWD	-1.316667	36.8	Africa	#A6D854	1.316667	Admixed	gray80	#00ff00	#00ff00
ECA276	NWD	NWD	42.496411	-88.240099	North America	#A65628	42.496411	Admixed	gray80	#00ff00	#00ff00
ECA163	NWD	NWD	42.361025	-88.427841	North America	#A65628	42.361025	Admixed	gray80	#00ff00	#00ff00
HPT18	ID	ID	-7.8234117	112.5873372	Pacific	#611EA1	7.8234117	H	#FFDA90	#6a329f	#6a329f
HPT24	ID	ID	-8.531795	116.239193	Pacific	#611EA1	8.531795	H	#FFDA90	#6a329f	#6a329f
HPT11	ID	ID	-7.8	112.516	Pacific	#611EA1	7.8	H	#FFDA90	#6a329f	#6a329f
VX34	Hubei	Hubei	31.750834	113.98333	Asia	#399EB8	31.750834	Admixed	gray80	#16537e	#16537e
JU3326	Hubei	Hubei	31.23025	121.3955	Asia	#399EB8	31.23025	Admixed	gray80	#16537e	#16537e
QR25	Quebec	Quebec	45.545448	-73.639076	Cosmopolitan	gray30	45.545448	Cosmopolitan	white	#ff037e	#ff037e
BRC20324	TD1	TD1	24.03965278	121.155	Taiwan	#E5C494	24.03965278	Admixed	gray80	#f3c588	#f3c588
TWN1824	TD1	TD1	24.69027778	121.4055556	Taiwan	#E5C494	24.69027778	F	#FFE5CA	#f3c588	#f3c588
BRC20232	TD1	TD1	23.60247	120.8838617	Taiwan	#E5C494	23.60247	F	#FFE5CA	#f3c588	#f3c588
NIC827	TD1	TD1	23.60233	120.88182	Taiwan	#E5C494	23.60233	F	#FFE5CA	#f3c588	#f3c588
BRC20229	TD1	TD1	23.572084	120.900213	Taiwan	#E5C494	23.572084	F	#FFE5CA	#f3c588	#f3c588
NIC19	TD1	TD1	25.15219	121.54461	Taiwan	#E5C494	25.15219	Admixed	gray80	#f3c588	#f3c588
NIC1540	TD1	TD1	25.05792	121.77076	Taiwan	#E5C494	25.05792	J	#05E51B	#f3c588	#f3c588
BRC20343	TD1	TD1	24	121	Taiwan	#E5C494	24	J	#05E51B	#f3c588	#f3c588
BRC20524	TD1	TD1	25.1839015	121.5206295	Taiwan	#E5C494	25.1839015	J	#05E51B	#f3c588	#f3c588
BRC20522	TD1	TD1	25.1839015	121.5206295	Taiwan	#E5C494	25.1839015	J	#05E51B	#f3c588	#f3c588
NIC20	TD1	TD1	24.47058	120.97781	Taiwan	#E5C494	24.47058	E	#563901	#f3c588	#f3c588
NIC1593	TD1	TD1	24.68622	121.13734	Taiwan	#E5C494	24.68622	E	#563901	#f3c588	#f3c588
NIC21	TD1	TD1	24.47605	120.99481	Taiwan	#E5C494	24.47605	E	#563901	#f3c588	#f3c588
NIC1589	TD1	TD1	24.68622	121.13734	Taiwan	#E5C494	24.68622	E	#563901	#f3c588	#f3c588
TWN1899	TD1	TD1	25.16666667	121.5166667	Taiwan	#E5C494	25.16666667	E	#563901	#f3c588	#f3c588
NIC22	TD1	TD1	24.19177	121.01531	Taiwan	#E5C494	24.19177	E	#563901	#f3c588	#f3c588
BRC20075	TD1	TD1	24.790015	121.374604	Taiwan	#E5C494	24.790015	E	#563901	#f3c588	#f3c588
BRC20530	TD1	TD1	23.33725	120.712389	Taiwan	#E5C494	23.33725	E	#563901	#f3c588	#f3c588
NIC1665	TD1	TD1	23.66654	120.79295	Taiwan	#E5C494	23.66654	E	#563901	#f3c588	#f3c588
NIC1664	TD1	TD1	23.66109	120.7967	Taiwan	#E5C494	23.66109	E	#563901	#f3c588	#f3c588
NIC1591	TD1	TD1	24.68622	121.13734	Taiwan	#E5C494	24.68622	Admixed	gray80	#f3c588	#f3c588
BRC20347	TD1	TD1	25.121206	121.593578	Taiwan	#E5C494	25.121206	E	#563901	#f3c588	#f3c588
BRC20531	TD1	TD1	23.792667	120.798083	Taiwan	#E5C494	23.792667	E	#563901	#f3c588	#f3c588
NIC825	TD1	TD1	23.60246	120.88278	Taiwan	#E5C494	23.60246	E	#563901	#f3c588	#f3c588
NIC816	TD1	TD1	23.81417	120.856	Taiwan	#E5C494	23.81417	E	#563901	#f3c588	#f3c588
NIC828	TD1	TD1	23.60197	120.88157	Taiwan	#E5C494	23.60197	E	#563901	#f3c588	#f3c588
BRC20239	TD1	TD1	23.60095833	120.8821883	Taiwan	#E5C494	23.60095833	E	#563901	#f3c588	#f3c588
NIC819	TD2	TD2	23.81418	120.85581	Taiwan	#E5C494	23.81418	P	#000F2D	#ffdd02	#ffdd02
BRC20541	TD2	TD2	22.924056	120.543	Taiwan	#E5C494	22.924056	P	#000F2D	#ffdd02	#ffdd02
NIC1607	TD2	TD2	22.0861	120.84222	Taiwan	#E5C494	22.0861	P	#000F2D	#ffdd02	#ffdd02
BRC20115	TD2	TD2	24.114	120.8694	Taiwan	#E5C494	24.114	Admixed	gray80	#ffdd02	#ffdd02
BRC20519	TD2	TD2	21.958778	120.811764	Taiwan	#E5C494	21.958778	P	#000F2D	#ffdd02	#ffdd02
BRC20520	TD2	TD2	21.958778	120.811764	Taiwan	#E5C494	21.958778	P	#000F2D	#ffdd02	#ffdd02
BRC20492	TD2	TD2	21.958635	120.811847	Taiwan	#E5C494	21.958635	P	#000F2D	#ffdd02	#ffdd02
NIC893	TD3	TD3	22.00932	121.57214	Taiwan	#E5C494	22.00932	Admixed	gray80	#00f4c2	#00f4c2
BRC20503	TD3	TD3	22.020651	121.572794	Taiwan	#E5C494	22.020651	Admixed	gray80	#00f4c2	#00f4c2
BRC20502	TD3	TD3	22.020651	121.572794	Taiwan	#E5C494	22.020651	Admixed	gray80	#00f4c2	#00f4c2
JU1341	KD	KD	8.7633	77.114	Asia	#399EB8	8.7633	K	#02491E	#8b3700	#8b3700
JU1348	KD	KD	9.55	77.2	Asia	#399EB8	9.55	K	#02491E	#8b3700	#8b3700
VSL2207	KD	KD	12.42865	75.7624	Asia	#399EB8	12.42865	K	#02491E	#8b3700	#8b3700
VSL2209	KD	KD	12.3692	75.9012	Asia	#399EB8	12.3692	K	#02491E	#8b3700	#8b3700
JU3206	KD	KD	13.07251	77.57924	Asia	#399EB8	13.07251	K	#02491E	#8b3700	#8b3700
JU3201	KD	KD	13.0222	77.5676	Asia	#399EB8	13.0222	K	#02491E	#8b3700	#8b3700
JU3200	KD	KD	13.0232	77.5668	Asia	#399EB8	13.0232	K	#02491E	#8b3700	#8b3700
JU2801	KD	KD	45.53356	5.10234	Cosmopolitan	gray30	45.53356	Cosmopolitan	white	#8b3700	#8b3700
JU3203	KD	KD	13.0727	77.579	Asia	#399EB8	13.0727	K	#02491E	#8b3700	#8b3700
JU3202	KD	KD	13.02272	77.56866	Asia	#399EB8	13.02272	K	#02491E	#8b3700	#8b3700
QG2908	AD	AD	-17.2643833	145.4884833	Australia	#FC8D62	17.2643833	C	#FF6C93	#ff8200	#ff8200
QG2893	AD	AD	-16.1026	145.4467333	Australia	#FC8D62	16.1026	C	#FF6C93	#ff8200	#ff8200
QG4232	AD	AD	-21.16862222	148.5080167	Australia	#FC8D62	21.16862222	Admixed	gray80	#ff8200	#ff8200
QG4208	AD	AD	-21.1695006	148.5079426	Australia	#FC8D62	21.1695006	C	#FF6C93	#ff8200	#ff8200
QG4093	AD	AD	-21.16862222	148.5080167	Australia	#FC8D62	21.16862222	C	#FF6C93	#ff8200	#ff8200
QG2919	AD	AD	-20.28785	148.7653	Australia	#FC8D62	20.28785	Admixed	gray80	#ff8200	#ff8200
ECA2670	AD	AD	-26.3588565	152.6355008	Australia	#FC8D62	26.3588565	G	#FFB914	#ff8200	#ff8200
ECA2621	AD	AD	-26.6275648	152.8409822	Australia	#FC8D62	26.6275648	G	#FFB914	#ff8200	#ff8200
ECA2639	AD	AD	-26.26204861	152.8294249	Australia	#FC8D62	26.26204861	G	#FFB914	#ff8200	#ff8200
QG4031	AD	AD	-26.26193056	152.8296722	Australia	#FC8D62	26.26193056	G	#FFB914	#ff8200	#ff8200
QG4026	AD	AD	-26.26193056	152.8296722	Australia	#FC8D62	26.26193056	G	#FFB914	#ff8200	#ff8200
ECA2617	AD	AD	-26.26214444	152.8295528	Australia	#FC8D62	26.26214444	G	#FFB914	#ff8200	#ff8200
QG4028	AD	AD	-26.26193056	152.8296722	Australia	#FC8D62	26.26193056	G	#FFB914	#ff8200	#ff8200
ECA2618	AD	AD	-26.2619772	152.8296094	Australia	#FC8D62	26.2619772	G	#FFB914	#ff8200	#ff8200
QG2891	AD	AD	-16.1026	145.4467333	Australia	#FC8D62	16.1026	G	#FFB914	#ff8200	#ff8200
QG4063	AD	AD	-21.1461744	148.4998921	Australia	#FC8D62	21.1461744	G	#FFB914	#ff8200	#ff8200
QG4132	AD	AD	-21.17034722	148.5080417	Australia	#FC8D62	21.17034722	G	#FFB914	#ff8200	#ff8200
QG4096	AD	AD	-21.16879444	148.506575	Australia	#FC8D62	21.16879444	G	#FFB914	#ff8200	#ff8200
QG4131	AD	AD	-21.17034722	148.5080417	Australia	#FC8D62	21.17034722	G	#FFB914	#ff8200	#ff8200
QG4097	AD	AD	-21.16879444	148.506575	Australia	#FC8D62	21.16879444	G	#FFB914	#ff8200	#ff8200
QG4225	AD	AD	-21.14559444	148.4993528	Australia	#FC8D62	21.14559444	G	#FFB914	#ff8200	#ff8200
QG4214	AD	AD	-21.1448256	148.4984929	Australia	#FC8D62	21.1448256	G	#FFB914	#ff8200	#ff8200
QG4104	AD	AD	-21.14488889	148.498225	Australia	#FC8D62	21.14488889	G	#FFB914	#ff8200	#ff8200
QG4064	AD	AD	-21.1453727	148.4997337	Australia	#FC8D62	21.1453727	G	#FFB914	#ff8200	#ff8200
QG4114	AD	AD	-21.144475	148.4999222	Australia	#FC8D62	21.144475	G	#FFB914	#ff8200	#ff8200
QG4068	AD	AD	-21.1453727	148.4997337	Australia	#FC8D62	21.1453727	G	#FFB914	#ff8200	#ff8200
QG4067	AD	AD	-21.1453727	148.4997337	Australia	#FC8D62	21.1453727	G	#FFB914	#ff8200	#ff8200
ECA2666	AD	AD	-21.16771623	148.504728	Australia	#FC8D62	21.16771623	G	#FFB914	#ff8200	#ff8200
ECA2647	AD	AD	-21.1683872	148.5075834	Australia	#FC8D62	21.1683872	G	#FFB914	#ff8200	#ff8200
QG4095	AD	AD	-21.16862222	148.5080167	Australia	#FC8D62	21.16862222	G	#FFB914	#ff8200	#ff8200
QG4233	AD	AD	-21.16862222	148.5080167	Australia	#FC8D62	21.16862222	Admixed	gray80	#ff8200	#ff8200
QG4094	AD	AD	-21.16862222	148.5080167	Australia	#FC8D62	21.16862222	Admixed	gray80	#ff8200	#ff8200
NIC96	TS2	Tropical	4.08747	-52.67394	South America	#E78AC3	4.08747	N	#01A4B1	#ff0000	#ff77ab
NIC1491	TS2	Tropical	4.087902037	-52.67994803	South America	#E78AC3	4.087902037	N	#01A4B1	#ff0000	#ff77ab
NIC1442	TS2	Tropical	4.055087976	-52.67817702	South America	#E78AC3	4.055087976	N	#01A4B1	#ff0000	#ff77ab
NIC1135	TS2	Tropical	-12.87313996	-69.49687704	South America	#E78AC3	12.87313996	N	#01A4B1	#ff0000	#ff77ab
NIC1190	TS2	Tropical	-12.88059298	-69.48706903	South America	#E78AC3	12.88059298	N	#01A4B1	#ff0000	#ff77ab
NIC1138	TS2	Tropical	-12.872112	-69.49822702	South America	#E78AC3	12.872112	N	#01A4B1	#ff0000	#ff77ab
NIC1124	TS2	Tropical	-12.874341	-69.497087	South America	#E78AC3	12.874341	N	#01A4B1	#ff0000	#ff77ab
NIC1141	TS2	Tropical	-12.872155	-69.49781103	South America	#E78AC3	12.872155	N	#01A4B1	#ff0000	#ff77ab
NIC1183	TS2	Tropical	-12.88450004	-69.48577797	South America	#E78AC3	12.88450004	Admixed	gray80	#ff0000	#ff77ab
JU2518	TS2	Tropical	48.7015	2.1725	Europe	#E41A1C	48.7015	Admixed	gray80	#ff0000	#ff77ab
NIC60	TS2	Tropical	5.07382	-52.69551	Cosmopolitan	gray30	5.07382	Cosmopolitan	white	#ff0000	#ff77ab
NIC331	TS2	Tropical	5.73057	-53.89241	South America	#E78AC3	5.73057	Admixed	gray80	#ff0000	#ff77ab
NIC1421	TS2	Tropical	4.867854975	-52.34514599	South America	#E78AC3	4.867854975	Admixed	gray80	#ff0000	#ff77ab
NIC330	TS2	Tropical	5.72889	-53.8901	South America	#E78AC3	5.72889	Admixed	gray80	#ff0000	#ff77ab
NIC333	TS2	Tropical	5.72705	-53.89122	South America	#E78AC3	5.72705	Admixed	gray80	#ff0000	#ff77ab
NIC400	TS2	Tropical	5.72711	-53.89076	South America	#E78AC3	5.72711	Admixed	gray80	#ff0000	#ff77ab
NIC332	TS2	Tropical	5.72914	-53.89023	South America	#E78AC3	5.72914	Admixed	gray80	#ff0000	#ff77ab
NIC327	TS2	Tropical	5.72877	-53.88992	South America	#E78AC3	5.72877	Admixed	gray80	#ff0000	#ff77ab
NIC402	TS2	Tropical	5.72896	-53.89008	South America	#E78AC3	5.72896	Admixed	gray80	#ff0000	#ff77ab
NIC329	TS2	Tropical	5.72963	-53.89118	South America	#E78AC3	5.72963	Admixed	gray80	#ff0000	#ff77ab
NIC325	TS2	Tropical	5.53529	-53.56336	South America	#E78AC3	5.53529	N	#01A4B1	#ff0000	#ff77ab
NIC309	TS2	Tropical	5.53529	-53.56336	South America	#E78AC3	5.53529	N	#01A4B1	#ff0000	#ff77ab
NIC1304	TS2	Tropical	3.617134038	-53.19634804	South America	#E78AC3	3.617134038	N	#01A4B1	#ff0000	#ff77ab
NIC1292	TS2	Tropical	3.630410973	-53.20572797	South America	#E78AC3	3.630410973	N	#01A4B1	#ff0000	#ff77ab
NIC1302	TS2	Tropical	3.616456026	-53.20972002	South America	#E78AC3	3.616456026	N	#01A4B1	#ff0000	#ff77ab
NIC1267	TS2	Tropical	3.622385971	-53.21547696	South America	#E78AC3	3.622385971	Admixed	gray80	#ff0000	#ff77ab
NIC1283	TS2	Tropical	3.640333973	-53.20234504	South America	#E78AC3	3.640333973	N	#01A4B1	#ff0000	#ff77ab
NIC1407	TS2	Tropical	3.630410973	-53.20572797	South America	#E78AC3	3.630410973	N	#01A4B1	#ff0000	#ff77ab
NIC1423	TS2	Tropical	3.644299032	-53.19803297	South America	#E78AC3	3.644299032	Admixed	gray80	#ff0000	#ff77ab
NIC1288	TS2	Tropical	3.641279032	-53.20139201	South America	#E78AC3	3.641279032	Admixed	gray80	#ff0000	#ff77ab
QG3931	TS2	Tropical	13.225422	-59.589477	Caribbean	#FFD92F	13.225422	Admixed	gray80	#ff0000	#ff77ab
QG3924	TS2	Tropical	13.234279	-59.587888	Caribbean	#FFD92F	13.234279	Admixed	gray80	#ff0000	#ff77ab
NIC392	TS2	Tropical	5.40779	-53.64583	South America	#E78AC3	5.40779	Admixed	gray80	#ff0000	#ff77ab
JU1399	TS2	Tropical	5.9	-75.9	South America	#E78AC3	5.9	Admixed	gray80	#ff0000	#ff77ab
NIC1103	TS2	Tropical	18.0383007	-89.6738919	Central America	#8DA0CB	18.0383007	Admixed	gray80	#ff0000	#ff77ab
NIC1050	TS2	Tropical	20.51328	-87.24718	Central America	#8DA0CB	20.51328	Admixed	gray80	#ff0000	#ff77ab
NIC1052	TS2	Tropical	20.51328	-87.24718	Central America	#8DA0CB	20.51328	Admixed	gray80	#ff0000	#ff77ab
JU2597	TS2	Tropical	43.8812	5.1072	Cosmopolitan	gray30	43.8812	Cosmopolitan	white	#ff0000	#ff77ab
NIC1054	TS2	Tropical	20.48991	-87.72797	Central America	#8DA0CB	20.48991	N	#01A4B1	#ff0000	#ff77ab
NIC1059	TS2	Tropical	20.48627	-87.72449	Central America	#8DA0CB	20.48627	Admixed	gray80	#ff0000	#ff77ab
NIC1055	TS2	Tropical	20.48978	-87.72502	Central America	#8DA0CB	20.48978	Admixed	gray80	#ff0000	#ff77ab
NIC1057	TS2	Tropical	20.48756	-87.72532	Central America	#8DA0CB	20.48756	Admixed	gray80	#ff0000	#ff77ab
NIC1060	TS2	Tropical	20.48529	-87.72361	Central America	#8DA0CB	20.48529	N	#01A4B1	#ff0000	#ff77ab
NIC1058	TS2	Tropical	20.48756	-87.72532	Central America	#8DA0CB	20.48756	Admixed	gray80	#ff0000	#ff77ab
QG761	TS2	Tropical	9.161421	-79.837195	Central America	#8DA0CB	9.161421	Admixed	gray80	#ff0000	#ff77ab
QG860	TS2	Tropical	9.14141	-79.8285	Central America	#8DA0CB	9.14141	Admixed	gray80	#ff0000	#ff77ab
QG881	TS2	Tropical	9.144607067	-79.8263148	Central America	#8DA0CB	9.144607067	Admixed	gray80	#ff0000	#ff77ab
QG700	TS2	Tropical	9.145492913	-79.8261379	Central America	#8DA0CB	9.145492913	Admixed	gray80	#ff0000	#ff77ab
QG795	TS2	Tropical	9.159222	-79.836495	Central America	#8DA0CB	9.159222	Admixed	gray80	#ff0000	#ff77ab
QG3056	TS2	Tropical	9.1674	-79.83967	Central America	#8DA0CB	9.1674	Admixed	gray80	#ff0000	#ff77ab
QG2966	TS2	Tropical	9.166166667	-79.84	Central America	#8DA0CB	9.166166667	Admixed	gray80	#ff0000	#ff77ab
QG3004	TS2	Tropical	9.16925	-79.8380167	Central America	#8DA0CB	9.16925	Admixed	gray80	#ff0000	#ff77ab
QG3032	TS2	Tropical	9.163366667	-79.8447333	Central America	#8DA0CB	9.163366667	Admixed	gray80	#ff0000	#ff77ab
QG1155	TS2	Tropical	9.160449	-79.840373	Central America	#8DA0CB	9.160449	Admixed	gray80	#ff0000	#ff77ab
QG887	TS2	Tropical	9.14576403	-79.8544232	Central America	#8DA0CB	9.14576403	Admixed	gray80	#ff0000	#ff77ab
QG997	TS2	Tropical	9.160461	-79.822633	Central America	#8DA0CB	9.160461	Admixed	gray80	#ff0000	#ff77ab
QG865	TS2	Tropical	9.16272	-79.84097	Central America	#8DA0CB	9.16272	Admixed	gray80	#ff0000	#ff77ab
QG926	TS2	Tropical	9.170573	-79.84316	Central America	#8DA0CB	9.170573	Admixed	gray80	#ff0000	#ff77ab
QG856	TS2	Tropical	9.156459	-79.848792	Central America	#8DA0CB	9.156459	Admixed	gray80	#ff0000	#ff77ab
QG2663	TS2	Tropical	9.153933333	-79.83166667	Central America	#8DA0CB	9.153933333	Admixed	gray80	#ff0000	#ff77ab
QG866	TS2	Tropical	9.151852	-79.853543	Central America	#8DA0CB	9.151852	Admixed	gray80	#ff0000	#ff77ab
QG808	TS2	Tropical	9.1491	-79.856143	Central America	#8DA0CB	9.1491	Admixed	gray80	#ff0000	#ff77ab
QG855	TS2	Tropical	9.152583	-79.852998	Central America	#8DA0CB	9.152583	Admixed	gray80	#ff0000	#ff77ab
QG791	TS2	Tropical	9.14576403	-79.8544232	Central America	#8DA0CB	9.14576403	Admixed	gray80	#ff0000	#ff77ab
QG991	TS2	Tropical	9.16163	-79.83895	Central America	#8DA0CB	9.16163	Q	#0340B9	#ff0000	#ff77ab
QG874	TS2	Tropical	9.16478	-79.83927	Central America	#8DA0CB	9.16478	Q	#0340B9	#ff0000	#ff77ab
QG825	TS2	Tropical	9.16485	-79.8391	Central America	#8DA0CB	9.16485	Q	#0340B9	#ff0000	#ff77ab
QG952	TS2	Tropical	9.160461	-79.822633	Central America	#8DA0CB	9.160461	Q	#0340B9	#ff0000	#ff77ab
QG986	TS2	Tropical	9.147419	-79.85312	Central America	#8DA0CB	9.147419	Q	#0340B9	#ff0000	#ff77ab
QG948	TS2	Tropical	9.145492913	-79.8261379	Central America	#8DA0CB	9.145492913	Q	#0340B9	#ff0000	#ff77ab
QG980	TS2	Tropical	9.1491	-79.856143	Central America	#8DA0CB	9.1491	Q	#0340B9	#ff0000	#ff77ab
QG727	TS2	Tropical	9.14141	-79.8285	Central America	#8DA0CB	9.14141	Q	#0340B9	#ff0000	#ff77ab
QG1141	TS2	Tropical	9.160449	-79.840373	Central America	#8DA0CB	9.160449	Q	#0340B9	#ff0000	#ff77ab
QG947	TS2	Tropical	9.154377	-79.833165	Central America	#8DA0CB	9.154377	Q	#0340B9	#ff0000	#ff77ab
QG879	TS2	Tropical	9.16152	-79.83633	Central America	#8DA0CB	9.16152	Q	#0340B9	#ff0000	#ff77ab
QG833	TS2	Tropical	9.15388	-79.83167	Central America	#8DA0CB	9.15388	Q	#0340B9	#ff0000	#ff77ab
QG781	TS2	Tropical	9.159031	-79.830326	Central America	#8DA0CB	9.159031	Q	#0340B9	#ff0000	#ff77ab
QG807	TS2	Tropical	9.147185361	-79.8528469	Central America	#8DA0CB	9.147185361	Q	#0340B9	#ff0000	#ff77ab
QG828	TS2	Tropical	9.15885	-79.83537	Central America	#8DA0CB	9.15885	Q	#0340B9	#ff0000	#ff77ab
QG788	TS2	Tropical	9.151852	-79.853543	Central America	#8DA0CB	9.151852	Q	#0340B9	#ff0000	#ff77ab
QG827	TS2	Tropical	9.1537	-79.82607	Central America	#8DA0CB	9.1537	Q	#0340B9	#ff0000	#ff77ab
QG878	TS2	Tropical	9.15383	-79.82763	Central America	#8DA0CB	9.15383	Q	#0340B9	#ff0000	#ff77ab
QG806	TS2	Tropical	9.147185361	-79.8528469	Central America	#8DA0CB	9.147185361	Q	#0340B9	#ff0000	#ff77ab
QG739	TS2	Tropical	9.15447	-79.82758	Central America	#8DA0CB	9.15447	Q	#0340B9	#ff0000	#ff77ab
QG2683	TS2	Tropical	9.153933333	-79.83166667	Central America	#8DA0CB	9.153933333	Q	#0340B9	#ff0000	#ff77ab
QG995	TS2	Tropical	9.158893	-79.835315	Central America	#8DA0CB	9.158893	Q	#0340B9	#ff0000	#ff77ab
QG802	TS2	Tropical	9.158057	-79.834221	Central America	#8DA0CB	9.158057	Q	#0340B9	#ff0000	#ff77ab
QG868	TS2	Tropical	9.14141	-79.8285	Central America	#8DA0CB	9.14141	Admixed	gray80	#ff0000	#ff77ab
QG733	TS2	Tropical	9.152583	-79.852998	Central America	#8DA0CB	9.152583	Q	#0340B9	#ff0000	#ff77ab
QG2964	TS2	Tropical	9.166166667	-79.84	Central America	#8DA0CB	9.166166667	Q	#0340B9	#ff0000	#ff77ab
QG763	TS2	Tropical	9.161421	-79.837195	Central America	#8DA0CB	9.161421	Admixed	gray80	#ff0000	#ff77ab
QG3058	TS2	Tropical	9.163116667	-79.8372	Central America	#8DA0CB	9.163116667	Admixed	gray80	#ff0000	#ff77ab
QG880	TS2	Tropical	9.15445	-79.83205	Central America	#8DA0CB	9.15445	Admixed	gray80	#ff0000	#ff77ab
QG736	TS2	Tropical	9.155514	-79.848903	Central America	#8DA0CB	9.155514	Admixed	gray80	#ff0000	#ff77ab
QG776	TS2	Tropical	9.160652	-79.820831	Central America	#8DA0CB	9.160652	Admixed	gray80	#ff0000	#ff77ab
QG3019	TS2	Tropical	9.163116667	-79.8372	Central America	#8DA0CB	9.163116667	Admixed	gray80	#ff0000	#ff77ab
QG1005	TS2	Tropical	9.170573	-79.84316	Central America	#8DA0CB	9.170573	Admixed	gray80	#ff0000	#ff77ab
QG3867	TS2	Tropical	10.42361667	-84.00118611	Central America	#8DA0CB	10.42361667	Admixed	gray80	#ff0000	#ff77ab
QG3801	TS2	Tropical	10.43082	-84.01138	Central America	#8DA0CB	10.43082	Admixed	gray80	#ff0000	#ff77ab
QG2736	TS2	Tropical	9.1598	-79.8399	Central America	#8DA0CB	9.1598	Admixed	gray80	#ff0000	#ff77ab
QG2659	TS2	Tropical	9.153933333	-79.83166667	Central America	#8DA0CB	9.153933333	Admixed	gray80	#ff0000	#ff77ab
QG1111	TS2	Tropical	9.16835	-79.839279	Central America	#8DA0CB	9.16835	Admixed	gray80	#ff0000	#ff77ab
QG784	TS2	Tropical	9.14576403	-79.8544232	Central America	#8DA0CB	9.14576403	Admixed	gray80	#ff0000	#ff77ab
QG2641	TS2	Tropical	9.153933333	-79.83166667	Central America	#8DA0CB	9.153933333	Admixed	gray80	#ff0000	#ff77ab
QG737	TS2	Tropical	9.155514	-79.848903	Central America	#8DA0CB	9.155514	Admixed	gray80	#ff0000	#ff77ab
QG2972	TS2	Tropical	9.167433333	-79.8397	Central America	#8DA0CB	9.167433333	Admixed	gray80	#ff0000	#ff77ab
QG978	TS2	Tropical	9.1491	-79.856143	Central America	#8DA0CB	9.1491	Admixed	gray80	#ff0000	#ff77ab
QG864	TS2	Tropical	9.152583	-79.852998	Central America	#8DA0CB	9.152583	Admixed	gray80	#ff0000	#ff77ab
QG809	TS2	Tropical	9.1491	-79.856143	Central America	#8DA0CB	9.1491	R	#9C87FF	#ff0000	#ff77ab
QG3823	TS2	Tropical	10.42540556	-84.00121667	Central America	#8DA0CB	10.42540556	Admixed	gray80	#ff0000	#ff77ab
QG790	TS2	Tropical	9.147185361	-79.8528469	Central America	#8DA0CB	9.147185361	Admixed	gray80	#ff0000	#ff77ab
QG3006	TS2	Tropical	9.16925	-79.8380167	Central America	#8DA0CB	9.16925	Admixed	gray80	#ff0000	#ff77ab
QG858	TS2	Tropical	9.155694	-79.848988	Central America	#8DA0CB	9.155694	Admixed	gray80	#ff0000	#ff77ab
QG2665	TS2	Tropical	9.153933333	-79.83166667	Central America	#8DA0CB	9.153933333	Admixed	gray80	#ff0000	#ff77ab
QG3057	TS2	Tropical	9.163366667	-79.8372333	Central America	#8DA0CB	9.163366667	Admixed	gray80	#ff0000	#ff77ab
QG875	TS2	Tropical	9.1543	-79.82672	Central America	#8DA0CB	9.1543	R	#9C87FF	#ff0000	#ff77ab
QG804	TS2	Tropical	9.152943	-79.851689	Central America	#8DA0CB	9.152943	R	#9C87FF	#ff0000	#ff77ab
QG786	TS2	Tropical	9.14576403	-79.8544232	Central America	#8DA0CB	9.14576403	Admixed	gray80	#ff0000	#ff77ab
QG994	TS2	Tropical	9.154377	-79.833165	Central America	#8DA0CB	9.154377	R	#9C87FF	#ff0000	#ff77ab
QG888	TS2	Tropical	9.14576403	-79.8544232	Central America	#8DA0CB	9.14576403	R	#9C87FF	#ff0000	#ff77ab
QG946	TS2	Tropical	9.147419	-79.85312	Central America	#8DA0CB	9.147419	R	#9C87FF	#ff0000	#ff77ab
QG945	TS2	Tropical	9.147419	-79.85312	Central America	#8DA0CB	9.147419	R	#9C87FF	#ff0000	#ff77ab
QG797	TS2	Tropical	9.152688	-79.851539	Central America	#8DA0CB	9.152688	R	#9C87FF	#ff0000	#ff77ab
QG933	TS2	Tropical	9.164456	-79.844623	Central America	#8DA0CB	9.164456	R	#9C87FF	#ff0000	#ff77ab
QG3025	TS2	Tropical	9.1581	-79.8474333	Central America	#8DA0CB	9.1581	R	#9C87FF	#ff0000	#ff77ab
QG3034	TS2	Tropical	9.163366667	-79.8447333	Central America	#8DA0CB	9.163366667	R	#9C87FF	#ff0000	#ff77ab
QG3030	TS2	Tropical	9.1594	-79.8478833	Central America	#8DA0CB	9.1594	R	#9C87FF	#ff0000	#ff77ab
QG2996	TS2	Tropical	9.163766667	-79.8440167	Central America	#8DA0CB	9.163766667	R	#9C87FF	#ff0000	#ff77ab
QG2648	TS2	Tropical	9.153933333	-79.83166667	Central America	#8DA0CB	9.153933333	R	#9C87FF	#ff0000	#ff77ab
QG998	TS2	Tropical	9.170573	-79.84316	Central America	#8DA0CB	9.170573	R	#9C87FF	#ff0000	#ff77ab
QG1007	TS2	Tropical	9.164456	-79.844623	Central America	#8DA0CB	9.164456	R	#9C87FF	#ff0000	#ff77ab
QG3041	TS2	Tropical	9.164216667	-79.8373667	Central America	#8DA0CB	9.164216667	R	#9C87FF	#ff0000	#ff77ab
QG1126	TS2	Tropical	9.16835	-79.839279	Central America	#8DA0CB	9.16835	R	#9C87FF	#ff0000	#ff77ab
QG937	TS2	Tropical	9.16936	-79.844397	Central America	#8DA0CB	9.16936	Admixed	gray80	#ff0000	#ff77ab
QG2969	TS2	Tropical	9.166416667	-79.84025	Central America	#8DA0CB	9.166416667	Admixed	gray80	#ff0000	#ff77ab
PB800	Temperate	Temperate	39.823748	-84.289418	North America	#A65628	39.823748	I	#77C002	#0000ff	#0000ff
QG3661	Temperate	Temperate	41.62083	-73.58889	North America	#A65628	41.62083	I	#77C002	#0000ff	#0000ff
GUN124	Temperate	Temperate	42.4675	-76.48722222	North America	#A65628	42.4675	I	#77C002	#0000ff	#0000ff
NIC174	Temperate	Temperate	47.1575	7.64673	Cosmopolitan	gray30	47.1575	Cosmopolitan	white	#0000ff	#0000ff
SOW22	Temperate	Temperate	40.006496	-75.703278	North America	#A65628	40.006496	I	#77C002	#0000ff	#0000ff
JU3272	Temperate	Temperate	50.34886	14.475	Cosmopolitan	gray30	50.34886	Cosmopolitan	white	#0000ff	#0000ff
JU2536	Temperate	Temperate	47.645976	19.274783	Europe	#E41A1C	47.645976	I	#77C002	#0000ff	#0000ff
NIC1632	Temperate	Temperate	34.88358	135.81659	Pacific	#611EA1	34.88358	I	#77C002	#0000ff	#0000ff
SOW18	Temperate	Temperate	39.960663	-75.605492	North America	#A65628	39.960663	I	#77C002	#0000ff	#0000ff
NIC899	Temperate	Temperate	35.661062	139.684827	Pacific	#611EA1	35.661062	I	#77C002	#0000ff	#0000ff
JU2872	Temperate	Temperate	48.2121	16.3592	Cosmopolitan	gray30	48.2121	Cosmopolitan	white	#0000ff	#0000ff
JU3416	Temperate	Temperate	38.2541	140.8508	Cosmopolitan	gray30	38.2541	Cosmopolitan	white	#0000ff	#0000ff
JU1257	Temperate	Temperate	49.1255	1.951	Cosmopolitan	gray30	49.1255	Cosmopolitan	white	#0000ff	#0000ff
HK104	Temperate	Temperate	34.66	133.9	Pacific	#611EA1	34.66	Admixed	gray80	#0000ff	#0000ff
BW287	Temperate	Temperate	NA	NA	unknown	grey	NA	I	#77C002	#0000ff	#0000ff
SOW21	Temperate	Temperate	41.41123603	-78.70870679	North America	#A65628	41.41123603	I	#77C002	#0000ff	#0000ff
JU1564	Temperate	Temperate	40.86	-73.47	North America	#A65628	40.86	I	#77C002	#0000ff	#0000ff
QG588	Temperate	Temperate	41.52503056	-70.67271389	North America	#A65628	41.52503056	I	#77C002	#0000ff	#0000ff
BRC20388	Temperate	Temperate	34	135	Pacific	#611EA1	34	I	#77C002	#0000ff	#0000ff
NIC1635	Temperate	Temperate	34.88328	135.81733	Pacific	#611EA1	34.88328	I	#77C002	#0000ff	#0000ff
NIC1633	Temperate	Temperate	34.88358	135.81659	Pacific	#611EA1	34.88358	I	#77C002	#0000ff	#0000ff
PB857	Temperate	Temperate	39.784	84.0554	Cosmopolitan	gray30	39.784	Cosmopolitan	white	#0000ff	#0000ff
ECA569	Temperate	Temperate	42.361085	-88.4278679	North America	#A65628	42.361085	I	#77C002	#0000ff	#0000ff
QX1547	Temperate	Temperate	35.931125	-84.931125	North America	#A65628	35.931125	I	#77C002	#0000ff	#0000ff
ECA278	Temperate	Temperate	42.496411	-88.240099	North America	#A65628	42.496411	I	#77C002	#0000ff	#0000ff
QG581	Temperate	Temperate	45.5423	-74.01235	North America	#A65628	45.5423	I	#77C002	#0000ff	#0000ff
QG547	Temperate	Temperate	40.783	-73.985	North America	#A65628	40.783	I	#77C002	#0000ff	#0000ff
EG4360	Temperate	Temperate	40.6	-111.8	North America	#A65628	40.6	I	#77C002	#0000ff	#0000ff
JU2457	Temperate	Temperate	-12.801653	-69.289488	South America	#E78AC3	12.801653	Admixed	gray80	#0000ff	#0000ff
JU2162	TS1	Tropical	-6.2715	39.416	Africa	#A6D854	6.2715	O	#5CB7FF	#ff0000	#9fc5e8
JU2160	TS1	Tropical	-6.2709	39.417	Africa	#A6D854	6.2709	O	#5CB7FF	#ff0000	#9fc5e8
JU3237	TS1	Tropical	-12.76	45.09	Africa	#A6D854	12.76	O	#5CB7FF	#ff0000	#9fc5e8
JU2470	TS1	Tropical	-12.732834	45.186209	Africa	#A6D854	12.732834	O	#5CB7FF	#ff0000	#9fc5e8
JU2057	TS1	Tropical	-12.77	45.14	Africa	#A6D854	12.77	O	#5CB7FF	#ff0000	#9fc5e8
VSL2217	TS1	Tropical	NA	NA	Asia	#399EB8	NA	O	#5CB7FF	#ff0000	#9fc5e8
JU2507	TS1	Tropical	8.893	98.512	Asia	#399EB8	8.893	Admixed	gray80	#ff0000	#9fc5e8
BRC20257	TS1	Tropical	NA	NA	unknown	grey	NA	Admixed	gray80	#ff0000	#9fc5e8
QG5589	TS1	Tropical	6.9073	158.1815	Pacific	#611EA1	6.9073	M	#82FFFA	#ff0000	#9fc5e8
QG4647	TS1	Tropical	6.9073	158.1815	Pacific	#611EA1	6.9073	M	#82FFFA	#ff0000	#9fc5e8
NIC791	TS1	Tropical	23.83633	120.72447	Taiwan	#E5C494	23.83633	M	#82FFFA	#ff0000	#9fc5e8
BRC20119	TS1	Tropical	23.836799	120.727025	Taiwan	#E5C494	23.836799	M	#82FFFA	#ff0000	#9fc5e8
QG4805	TS1	Tropical	6.8578	158.2183	Pacific	#611EA1	6.8578	M	#82FFFA	#ff0000	#9fc5e8
QG4701	TS1	Tropical	6.9195	158.2712	Pacific	#611EA1	6.9195	Admixed	gray80	#ff0000	#9fc5e8
QG5603	TS1	Tropical	6.9661	158.1916	Pacific	#611EA1	6.9661	Admixed	gray80	#ff0000	#9fc5e8
QG5474	TS1	Tropical	6.9666	158.1907	Pacific	#611EA1	6.9666	Admixed	gray80	#ff0000	#9fc5e8
ZZY1123	TS1	Tropical	22.42629881	114.1811105	Asia	#399EB8	22.42629881	O	#5CB7FF	#ff0000	#9fc5e8
ZZY0992	TS1	Tropical	22.42381115	114.1793101	Asia	#399EB8	22.42381115	O	#5CB7FF	#ff0000	#9fc5e8
HPT62	TS1	Tropical	-8.41222	115.58591	Pacific	#611EA1	8.41222	O	#5CB7FF	#ff0000	#9fc5e8
QG2884	TS1	Tropical	-16.0950167	145.4665333	Australia	#FC8D62	16.0950167	O	#5CB7FF	#ff0000	#9fc5e8
QG2906	TS1	Tropical	-16.10275	145.4482833	Australia	#FC8D62	16.10275	Admixed	gray80	#ff0000	#9fc5e8
QG2895	TS1	Tropical	-16.10295	145.44645	Australia	#FC8D62	16.10295	Admixed	gray80	#ff0000	#9fc5e8
QG2902	TS1	Tropical	-16.10365	145.4473167	Australia	#FC8D62	16.10365	Admixed	gray80	#ff0000	#9fc5e8
QG2903	TS1	Tropical	-16.10365	145.4473167	Australia	#FC8D62	16.10365	O	#5CB7FF	#ff0000	#9fc5e8
QG2892	TS1	Tropical	-16.1026	145.4467333	Australia	#FC8D62	16.1026	O	#5CB7FF	#ff0000	#9fc5e8
QG2925	TS1	Tropical	-16.2375361	145.4287278	Australia	#FC8D62	16.2375361	O	#5CB7FF	#ff0000	#9fc5e8
QG2923	TS1	Tropical	-20.2852667	148.7647	Australia	#FC8D62	20.2852667	O	#5CB7FF	#ff0000	#9fc5e8
QG2880	TS1	Tropical	-16.8999	145.7489833	Australia	#FC8D62	16.8999	O	#5CB7FF	#ff0000	#9fc5e8
QG133	TH	TH	22.2065	-159.4978	Hawaii	#66C2A5	22.2065	Admixed	gray80	#aeb400	#aeb400
EG6268	TH	TH	18.3	-65.8	Cosmopolitan	gray30	18.3	Cosmopolitan	white	#aeb400	#aeb400
EG6265	TH	TH	18.11	-66.16	Caribbean	#FFD92F	18.11	Admixed	gray80	#aeb400	#aeb400
UH1	TH	TH	19.6	-155.05	Hawaii	#66C2A5	19.6	Admixed	gray80	#aeb400	#aeb400
ECA1383	TH	TH	20.040312	-155.442105	Hawaii	#66C2A5	20.040312	Admixed	gray80	#aeb400	#aeb400
QX1798	TH	TH	20.8742	-156.1856	Hawaii	#66C2A5	20.8742	Admixed	gray80	#aeb400	#aeb400
ECA3502	TH	TH	22.0756	-159.414057	Hawaii	#66C2A5	22.0756	Admixed	gray80	#aeb400	#aeb400
ECA1170	TH	TH	21.40083	-157.8887	Hawaii	#66C2A5	21.40083	Admixed	gray80	#aeb400	#aeb400
ECA1443	TH	TH	22.053315	-159.36556	Hawaii	#66C2A5	22.053315	Admixed	gray80	#aeb400	#aeb400
BRC20333	TH	TH	24.602334	121.510549	Taiwan	#E5C494	24.602334	Admixed	gray80	#aeb400	#aeb400
NIC1590	TH	TH	24.68622	121.13734	Taiwan	#E5C494	24.68622	B	#DA030F	#aeb400	#aeb400
NIC779	TH	TH	23.72791	120.76594	Taiwan	#E5C494	23.72791	Admixed	gray80	#aeb400	#aeb400
NIC863	TH	TH	23.72763	120.76625	Taiwan	#E5C494	23.72763	B	#DA030F	#aeb400	#aeb400
NIC865	TH	TH	23.72717	120.76673	Taiwan	#E5C494	23.72717	B	#DA030F	#aeb400	#aeb400
BRC20557	TH	TH	24.822538	121.73566	Taiwan	#E5C494	24.822538	B	#DA030F	#aeb400	#aeb400
BRC20244	TH	TH	23.72641	120.758426	Taiwan	#E5C494	23.72641	B	#DA030F	#aeb400	#aeb400
JU2216	TH	TH	-6.480251	-76.356593	South America	#E78AC3	6.480251	B	#DA030F	#aeb400	#aeb400
BRC20367	TH	TH	24.54670963	121.5069174	Taiwan	#E5C494	24.54670963	B	#DA030F	#aeb400	#aeb400
BRC20341	TH	TH	24	121	Taiwan	#E5C494	24	Admixed	gray80	#aeb400	#aeb400
NIC505	TH	TH	23.5347	120.6775	Taiwan	#E5C494	23.5347	B	#DA030F	#aeb400	#aeb400
BRC20529	TH	TH	23.63725	120.685389	Taiwan	#E5C494	23.63725	B	#DA030F	#aeb400	#aeb400
NIC1666	TH	TH	23.6694	120.78929	Taiwan	#E5C494	23.6694	B	#DA030F	#aeb400	#aeb400
NIC1663	TH	TH	23.66543	120.79964	Taiwan	#E5C494	23.66543	B	#DA030F	#aeb400	#aeb400
NIC1661	TH	TH	23.66552	120.79794	Taiwan	#E5C494	23.66552	B	#DA030F	#aeb400	#aeb400
BRC20230	TH	TH	23.670695	120.798589	Taiwan	#E5C494	23.670695	B	#DA030F	#aeb400	#aeb400
NIC814	TH	TH	23.81411	120.85654	Taiwan	#E5C494	23.81411	Admixed	gray80	#aeb400	#aeb400
BRC20088	TH	TH	25.15533333	121.5465611	Taiwan	#E5C494	25.15533333	B	#DA030F	#aeb400	#aeb400
NIC1681	TH	TH	22.08922	120.84876	Taiwan	#E5C494	22.08922	Admixed	gray80	#aeb400	#aeb400
TWN3077	TH	TH	25.19	121.7833333	Taiwan	#E5C494	25.19	Admixed	gray80	#aeb400	#aeb400
BRC20081	TH	TH	24.602334	121.510549	Taiwan	#E5C494	24.602334	Admixed	gray80	#aeb400	#aeb400
BRC20532	TH	TH	25.138139	121.672	Taiwan	#E5C494	25.138139	Admixed	gray80	#aeb400	#aeb400
NIC1205	TH	TH	26.22481	119.99506	Asia	#399EB8	26.22481	Admixed	gray80	#aeb400	#aeb400
BRC20463	TH	TH	24.822658	121.735926	Taiwan	#E5C494	24.822658	Admixed	gray80	#aeb400	#aeb400
BRC20537	TH	TH	23.416972	121.275389	Taiwan	#E5C494	23.416972	D	#D45602	#aeb400	#aeb400
NIC815	TH	TH	23.81407	120.8564	Taiwan	#E5C494	23.81407	D	#D45602	#aeb400	#aeb400
NIC1220	TH	TH	25.95224	119.9771	Asia	#399EB8	25.95224	Admixed	gray80	#aeb400	#aeb400
NIC897	TH	TH	22.01967	121.57357	Taiwan	#E5C494	22.01967	Admixed	gray80	#aeb400	#aeb400
NIC805	TH	TH	23.81441	120.85687	Taiwan	#E5C494	23.81441	D	#D45602	#aeb400	#aeb400
NIC824	TH	TH	23.60248	120.88317	Taiwan	#E5C494	23.60248	D	#D45602	#aeb400	#aeb400
NIC1595	TH	TH	24.6871	121.13633	Taiwan	#E5C494	24.6871	D	#D45602	#aeb400	#aeb400
NIC1660	TH	TH	25.03808	121.74625	Taiwan	#E5C494	25.03808	D	#D45602	#aeb400	#aeb400
NIC889	TH	TH	23.81433	120.85649	Taiwan	#E5C494	23.81433	D	#D45602	#aeb400	#aeb400
NIC864	TH	TH	23.72733	120.76653	Taiwan	#E5C494	23.72733	D	#D45602	#aeb400	#aeb400
BRC20543	TH	TH	23.792667	120.798083	Taiwan	#E5C494	23.792667	D	#D45602	#aeb400	#aeb400
NIC1662	TH	TH	23.66543	120.79964	Taiwan	#E5C494	23.66543	D	#D45602	#aeb400	#aeb400
ECA2385	TH	TH	19.120342	-155.8204	Hawaii	#66C2A5	19.120342	Admixed	gray80	#aeb400	#aeb400
BRC20246	TH	TH	23.600568	120.883395	Taiwan	#E5C494	23.600568	D	#D45602	#aeb400	#aeb400
BRC20238	TH	TH	23.814211	120.856072	Taiwan	#E5C494	23.814211	D	#D45602	#aeb400	#aeb400
NIC1693	TH	TH	25.03488	121.58864	Taiwan	#E5C494	25.03488	Admixed	gray80	#aeb400	#aeb400
NIC1631	TH	TH	25.02782	121.57627	Taiwan	#E5C494	25.02782	D	#D45602	#aeb400	#aeb400
BRC20390	TH	TH	25.027105	121.576542	Taiwan	#E5C494	25.027105	Admixed	gray80	#aeb400	#aeb400
NIC1692	TH	TH	25.03488	121.58864	Taiwan	#E5C494	25.03488	B	#DA030F	#aeb400	#aeb400
BRC20348	TH	TH	25.128031	121.58826	Taiwan	#E5C494	25.128031	Admixed	gray80	#aeb400	#aeb400
ECA287	TH	TH	9.926663289	-84.04235373	Central America	#8DA0CB	9.926663289	B	#DA030F	#aeb400	#aeb400
TWN1772	TH	TH	24.69641667	121.4180556	Taiwan	#E5C494	24.69641667	B	#DA030F	#aeb400	#aeb400
NIC504	TH	TH	23.5347	120.6775	Taiwan	#E5C494	23.5347	B	#DA030F	#aeb400	#aeb400
BRC20339	TH	TH	24.951309	121.630089	Taiwan	#E5C494	24.951309	Admixed	gray80	#aeb400	#aeb400
BRC20320	TH	TH	24.84201944	121.9516639	Taiwan	#E5C494	24.84201944	Admixed	gray80	#aeb400	#aeb400
ECA2299	TH	TH	20.949184	-156.53637	Hawaii	#66C2A5	20.949184	Admixed	gray80	#aeb400	#aeb400
BRC20290	TH	TH	25.01947778	121.9432	Taiwan	#E5C494	25.01947778	B	#DA030F	#aeb400	#aeb400
BRC20289	TH	TH	25.01947778	121.9432	Taiwan	#E5C494	25.01947778	B	#DA030F	#aeb400	#aeb400
BRC20272	TH	TH	25.0998	121.839	Taiwan	#E5C494	25.0998	Admixed	gray80	#aeb400	#aeb400
BRC20270	TH	TH	25.0998	121.839	Taiwan	#E5C494	25.0998	Admixed	gray80	#aeb400	#aeb400
BRC20545	TH	TH	23.416972	121.275389	Taiwan	#E5C494	23.416972	Admixed	gray80	#aeb400	#aeb400
NIC822	TH	TH	25.168	121.56254	Taiwan	#E5C494	25.168	B	#DA030F	#aeb400	#aeb400
BRC20346	TH	TH	24.84201944	121.9516639	Taiwan	#E5C494	24.84201944	B	#DA030F	#aeb400	#aeb400
NIC1645	TH	TH	25.06549	121.82703	Taiwan	#E5C494	25.06549	Admixed	gray80	#aeb400	#aeb400
BRC20499	TH	TH	24	121.5	Taiwan	#E5C494	24	Admixed	gray80	#aeb400	#aeb400
NIC1602	TH	TH	24.68897	121.13965	Taiwan	#E5C494	24.68897	Admixed	gray80	#aeb400	#aeb400
NIC1598	TH	TH	24.6871	121.13633	Taiwan	#E5C494	24.6871	B	#DA030F	#aeb400	#aeb400
NIC1630	TH	TH	25.02782	121.57627	Taiwan	#E5C494	25.02782	Admixed	gray80	#aeb400	#aeb400
NIC1562	TH	TH	25.00481	121.73369	Taiwan	#E5C494	25.00481	Admixed	gray80	#aeb400	#aeb400
BRC20533	TH	TH	24.182667	121.626472	Taiwan	#E5C494	24.182667	Admixed	gray80	#aeb400	#aeb400
BRC20536	TH	TH	24.182667	121.626472	Taiwan	#E5C494	24.182667	S	#CBB1FF	#aeb400	#aeb400
BRC20534	TH	TH	24.182667	121.626472	Taiwan	#E5C494	24.182667	Admixed	gray80	#aeb400	#aeb400
BRC20544	TH	TH	24.182667	121.626472	Taiwan	#E5C494	24.182667	Admixed	gray80	#aeb400	#aeb400
BRC20535	TH	TH	24.182667	121.626472	Taiwan	#E5C494	24.182667	Admixed	gray80	#aeb400	#aeb400
BRC20501	TH	TH	24	121.5	Taiwan	#E5C494	24	Admixed	gray80	#aeb400	#aeb400
BRC20366	TH	TH	25.11698	121.733184	Taiwan	#E5C494	25.11698	S	#CBB1FF	#aeb400	#aeb400
TWN2919	TH	TH	24.17394444	121.6172222	Taiwan	#E5C494	24.17394444	S	#CBB1FF	#aeb400	#aeb400
NIC1667	TH	TH	25.10869	121.83743	Taiwan	#E5C494	25.10869	S	#CBB1FF	#aeb400	#aeb400
BRC20334	TH	TH	24.70731	121.738054	Taiwan	#E5C494	24.70731	S	#CBB1FF	#aeb400	#aeb400
BRC20311	TH	TH	24.70210833	121.73775	Taiwan	#E5C494	24.70210833	Admixed	gray80	#aeb400	#aeb400
NIC1539	TH	TH	25.06052	121.76957	Taiwan	#E5C494	25.06052	S	#CBB1FF	#aeb400	#aeb400
NIC519	TH	TH	25.00739	121.900472	Taiwan	#E5C494	25.00739	Admixed	gray80	#aeb400	#aeb400
NIC518	TH	TH	25.00739	121.900472	Taiwan	#E5C494	25.00739	S	#CBB1FF	#aeb400	#aeb400
BRC20331	TH	TH	25.01947778	121.9432	Taiwan	#E5C494	25.01947778	S	#CBB1FF	#aeb400	#aeb400
TWN1907	TH	TH	24.85	121.55	Taiwan	#E5C494	24.85	S	#CBB1FF	#aeb400	#aeb400
BRC20312	TH	TH	24.70210833	121.73775	Taiwan	#E5C494	24.70210833	S	#CBB1FF	#aeb400	#aeb400
BRC20315	TH	TH	24.70210833	121.73775	Taiwan	#E5C494	24.70210833	S	#CBB1FF	#aeb400	#aeb400
BRC20370	TH	TH	24.77555556	121.5802778	Taiwan	#E5C494	24.77555556	S	#CBB1FF	#aeb400	#aeb400
BRC20309	TH	TH	24.70210833	121.73775	Taiwan	#E5C494	24.70210833	S	#CBB1FF	#aeb400	#aeb400
BRC20308	TH	TH	24.70210833	121.73775	Taiwan	#E5C494	24.70210833	S	#CBB1FF	#aeb400	#aeb400
ECA1559	TH	TH	21.401228	-157.88682	Hawaii	#66C2A5	21.401228	Admixed	gray80	#aeb400	#aeb400
ECA1605	TH	TH	21.395786	-157.90051	Hawaii	#66C2A5	21.395786	Admixed	gray80	#aeb400	#aeb400
MY681	FM	FM	NA	NA	NA	NA	NA	NA	NA	#000000	#000000
JU356	FM	FM	NA	NA	NA	NA	NA	NA	NA	#000000	#000000
ECA1146	FM	FM	NA	NA	NA	NA	NA	NA	NA	#000000	#000000
ECA1503	FM	FM	NA	NA	NA	NA	NA	NA	NA	#000000	#000000
AF16	TS2	Tropical	23.03	72.56	Asia	#399EB8	23.03	T	#F479FF	#ff0000	#ff77ab
BRC20069	TS2	Tropical	25.04655556	121.6149472	Taiwan	#E5C494	25.04655556	Admixed	gray80	#ff0000	#ff77ab
BRC20073	TS2	Tropical	25.04655556	121.6149472	Taiwan	#E5C494	25.04655556	Admixed	gray80	#ff0000	#ff77ab
BRC20077	TS2	Tropical	24.793571	121.364232	Taiwan	#E5C494	24.793571	Admixed	gray80	#ff0000	#ff77ab
BRC20085	TS2	Tropical	24.794443	121.364029	Taiwan	#E5C494	24.794443	Admixed	gray80	#ff0000	#ff77ab
BRC20089	TS2	Tropical	25.15533333	121.5465611	Taiwan	#E5C494	25.15533333	Admixed	gray80	#ff0000	#ff77ab
BRC20090	TS2	Tropical	24.744819	121.747742	Taiwan	#E5C494	24.744819	Admixed	gray80	#ff0000	#ff77ab
BRC20092	TS2	Tropical	25.016437	121.540237	Taiwan	#E5C494	25.016437	Admixed	gray80	#ff0000	#ff77ab
BRC20093	TS2	Tropical	23.94991389	121.5518917	Taiwan	#E5C494	23.94991389	Admixed	gray80	#ff0000	#ff77ab
BRC20094	TS2	Tropical	25.015958	121.541761	Taiwan	#E5C494	25.015958	Admixed	gray80	#ff0000	#ff77ab
BRC20095	TS2	Tropical	24.74725	121.746266	Taiwan	#E5C494	24.74725	Admixed	gray80	#ff0000	#ff77ab
BRC20096	TS2	Tropical	25.04372222	121.6160639	Taiwan	#E5C494	25.04372222	Admixed	gray80	#ff0000	#ff77ab
BRC20098	TS2	Tropical	25.04372222	121.6160639	Taiwan	#E5C494	25.04372222	Admixed	gray80	#ff0000	#ff77ab
BRC20099	TS2	Tropical	25.043399	121.616268	Taiwan	#E5C494	25.043399	Admixed	gray80	#ff0000	#ff77ab
BRC20100	TS2	Tropical	24.70731	121.738054	Taiwan	#E5C494	24.70731	Admixed	gray80	#ff0000	#ff77ab
BRC20102	TS2	Tropical	24.336532	120.607411	Taiwan	#E5C494	24.336532	L	#05DEA2	#ff0000	#ff77ab
BRC20103	TS2	Tropical	25.04655556	121.6149472	Taiwan	#E5C494	25.04655556	Admixed	gray80	#ff0000	#ff77ab
BRC20105	TS2	Tropical	NA	NA	unknown	grey	NA	Admixed	gray80	#ff0000	#ff77ab
BRC20107	TS2	Tropical	NA	NA	unknown	grey	NA	Admixed	gray80	#ff0000	#ff77ab
BRC20228	TS2	Tropical	23.572084	120.900213	Taiwan	#E5C494	23.572084	Admixed	gray80	#ff0000	#ff77ab
BRC20241	TS2	Tropical	23.836415	120.725183	Taiwan	#E5C494	23.836415	Admixed	gray80	#ff0000	#ff77ab
BRC20242	TS2	Tropical	23.836623	120.728049	Taiwan	#E5C494	23.836623	Admixed	gray80	#ff0000	#ff77ab
BRC20260	TS2	Tropical	23.600208	120.883767	Taiwan	#E5C494	23.600208	L	#05DEA2	#ff0000	#ff77ab
BRC20294	TS2	Tropical	24.993796	121.53514	Taiwan	#E5C494	24.993796	Admixed	gray80	#ff0000	#ff77ab
BRC20353	TS2	Tropical	14	101	Asia	#399EB8	14	A	#4B0401	#ff0000	#ff77ab
BRC20360	TS2	Tropical	14	101	Asia	#399EB8	14	A	#4B0401	#ff0000	#ff77ab
BRC20361	TS2	Tropical	14	101	Asia	#399EB8	14	A	#4B0401	#ff0000	#ff77ab
BRC20362	TS2	Tropical	14	101	Asia	#399EB8	14	A	#4B0401	#ff0000	#ff77ab
BRC20369	TS2	Tropical	23.7132	120.7855556	Taiwan	#E5C494	23.7132	L	#05DEA2	#ff0000	#ff77ab
BRC20401	TS2	Tropical	25.017012	121.557477	Taiwan	#E5C494	25.017012	L	#05DEA2	#ff0000	#ff77ab
BRC20498	TS2	Tropical	23.7	120.8	Taiwan	#E5C494	23.7	Admixed	gray80	#ff0000	#ff77ab
BRC20556	TS2	Tropical	24.822538	121.73566	Taiwan	#E5C494	24.822538	L	#05DEA2	#ff0000	#ff77ab
BRC20565	TS2	Tropical	22.67499807	121.503295	Taiwan	#E5C494	22.67499807	Admixed	gray80	#ff0000	#ff77ab
BRC20571	TS2	Tropical	22.67151131	121.50634	Taiwan	#E5C494	22.67151131	Admixed	gray80	#ff0000	#ff77ab
BRC20574	TS2	Tropical	22.67248185	121.505358	Taiwan	#E5C494	22.67248185	Admixed	gray80	#ff0000	#ff77ab
DF5100	TS2	Tropical	-23.8	31.4	Africa	#A6D854	23.8	Admixed	gray80	#ff0000	#ff77ab
ECA1129	TS2	Tropical	19.71867222	-155.10835	Hawaii	#66C2A5	19.71867222	T	#F479FF	#ff0000	#ff77ab
ECA1143	TS2	Tropical	21.3419	-157.8099	Hawaii	#66C2A5	21.3419	Admixed	gray80	#ff0000	#ff77ab
ECA1147	TS2	Tropical	21.34188	-157.8097	Hawaii	#66C2A5	21.34188	T	#F479FF	#ff0000	#ff77ab
ECA1149	TS2	Tropical	21.34293	-157.8239	Hawaii	#66C2A5	21.34293	Admixed	gray80	#ff0000	#ff77ab
ECA1160	TS2	Tropical	21.34286	-157.8231	Hawaii	#66C2A5	21.34286	T	#F479FF	#ff0000	#ff77ab
ECA1164	TS2	Tropical	21.34298	-157.8232	Hawaii	#66C2A5	21.34298	T	#F479FF	#ff0000	#ff77ab
ECA1174	TS2	Tropical	20.0403	-155.442	Hawaii	#66C2A5	20.0403	T	#F479FF	#ff0000	#ff77ab
ECA1411	TS2	Tropical	22.053192	-159.365224	Hawaii	#66C2A5	22.053192	T	#F479FF	#ff0000	#ff77ab
ECA1423	TS2	Tropical	22.034251	-159.379145	Hawaii	#66C2A5	22.034251	T	#F479FF	#ff0000	#ff77ab
ECA1429	TS2	Tropical	22.061725	-159.346309	Hawaii	#66C2A5	22.061725	T	#F479FF	#ff0000	#ff77ab
ECA1431	TS2	Tropical	22.063133	-159.347149	Hawaii	#66C2A5	22.063133	T	#F479FF	#ff0000	#ff77ab
ECA1437	TS2	Tropical	22.034472	-159.37943	Hawaii	#66C2A5	22.034472	T	#F479FF	#ff0000	#ff77ab
ECA1439	TS2	Tropical	22.061908	-159.34675	Hawaii	#66C2A5	22.061908	T	#F479FF	#ff0000	#ff77ab
ECA1471	TS2	Tropical	21.311842	-157.76172	Hawaii	#66C2A5	21.311842	Admixed	gray80	#ff0000	#ff77ab
ECA1489	TS2	Tropical	21.395558	-157.90104	Hawaii	#66C2A5	21.395558	Admixed	gray80	#ff0000	#ff77ab
ECA1507	TS2	Tropical	21.310911	-157.79492	Hawaii	#66C2A5	21.310911	T	#F479FF	#ff0000	#ff77ab
ECA1509	TS2	Tropical	21.3184	-157.81864	Hawaii	#66C2A5	21.3184	T	#F479FF	#ff0000	#ff77ab
ECA1517	TS2	Tropical	21.317117	-157.81976	Hawaii	#66C2A5	21.317117	T	#F479FF	#ff0000	#ff77ab
ECA1521	TS2	Tropical	21.318231	-157.81974	Hawaii	#66C2A5	21.318231	T	#F479FF	#ff0000	#ff77ab
ECA1555	TS2	Tropical	21.300119	-157.76264	Hawaii	#66C2A5	21.300119	Admixed	gray80	#ff0000	#ff77ab
ECA1563	TS2	Tropical	21.307381	-157.79664	Hawaii	#66C2A5	21.307381	T	#F479FF	#ff0000	#ff77ab
ECA1571	TS2	Tropical	21.392064	-157.90236	Hawaii	#66C2A5	21.392064	Admixed	gray80	#ff0000	#ff77ab
ECA1587	TS2	Tropical	21.308944	-157.7956	Hawaii	#66C2A5	21.308944	T	#F479FF	#ff0000	#ff77ab
ECA1609	TS2	Tropical	21.329439	-157.82219	Hawaii	#66C2A5	21.329439	T	#F479FF	#ff0000	#ff77ab
ECA161	TS2	Tropical	20.854584	-156.169313	Hawaii	#66C2A5	20.854584	T	#F479FF	#ff0000	#ff77ab
ECA1611	TS2	Tropical	21.317486	-157.81858	Hawaii	#66C2A5	21.317486	T	#F479FF	#ff0000	#ff77ab
ECA1615	TS2	Tropical	21.317486	-157.81858	Hawaii	#66C2A5	21.317486	T	#F479FF	#ff0000	#ff77ab
ECA162	TS2	Tropical	20.79915	-156.03812	Hawaii	#66C2A5	20.79915	Admixed	gray80	#ff0000	#ff77ab
ECA1621	TS2	Tropical	21.301669	-157.76258	Hawaii	#66C2A5	21.301669	Admixed	gray80	#ff0000	#ff77ab
ECA1637	TS2	Tropical	20.952098	-156.53317	Hawaii	#66C2A5	20.952098	Admixed	gray80	#ff0000	#ff77ab
ECA1657	TS2	Tropical	20.948692	-156.53654	Hawaii	#66C2A5	20.948692	T	#F479FF	#ff0000	#ff77ab
ECA1701	TS2	Tropical	19.110589	-155.82645	Hawaii	#66C2A5	19.110589	Admixed	gray80	#ff0000	#ff77ab
ECA175	TS2	Tropical	21.306265	-157.851375	Hawaii	#66C2A5	21.306265	T	#F479FF	#ff0000	#ff77ab
ECA176	TS2	Tropical	21.386338	-157.925536	Hawaii	#66C2A5	21.386338	T	#F479FF	#ff0000	#ff77ab
ECA177	TS2	Tropical	21.282235	-157.801556	Hawaii	#66C2A5	21.282235	T	#F479FF	#ff0000	#ff77ab
ECA180	TS2	Tropical	21.3114	-157.7964	Hawaii	#66C2A5	21.3114	T	#F479FF	#ff0000	#ff77ab
ECA182	TS2	Tropical	21.465	-157.9968	Hawaii	#66C2A5	21.465	T	#F479FF	#ff0000	#ff77ab
ECA183	TS2	Tropical	21.258435	-157.766307	Hawaii	#66C2A5	21.258435	T	#F479FF	#ff0000	#ff77ab
ECA185	TS2	Tropical	21.296233	-157.701988	Hawaii	#66C2A5	21.296233	T	#F479FF	#ff0000	#ff77ab
ECA186	TS2	Tropical	21.303087	-157.827917	Hawaii	#66C2A5	21.303087	T	#F479FF	#ff0000	#ff77ab
ECA2083	TS2	Tropical	21.320797	-157.81977	Hawaii	#66C2A5	21.320797	T	#F479FF	#ff0000	#ff77ab
ECA2093	TS2	Tropical	20.948832	-156.53565	Hawaii	#66C2A5	20.948832	Admixed	gray80	#ff0000	#ff77ab
ECA2115	TS2	Tropical	20.952098	-156.53317	Hawaii	#66C2A5	20.952098	Admixed	gray80	#ff0000	#ff77ab
ECA2373	TS2	Tropical	20.837072	-156.28088	Hawaii	#66C2A5	20.837072	Admixed	gray80	#ff0000	#ff77ab
ECA2425	TS2	Tropical	20.038736	-155.44001	Hawaii	#66C2A5	20.038736	T	#F479FF	#ff0000	#ff77ab
ECA2623	TS2	Tropical	12.17453	-61.62731	Caribbean	#FFD92F	12.17453	U	#5F0158	#ff0000	#ff77ab
ECA2625	TS2	Tropical	-26.6228223	152.6905986	Australia	#FC8D62	26.6228223	T	#F479FF	#ff0000	#ff77ab
ECA2626	TS2	Tropical	-26.62221389	152.6910056	Australia	#FC8D62	26.62221389	T	#F479FF	#ff0000	#ff77ab
ECA2636	TS2	Tropical	-26.3674836	152.5852451	Australia	#FC8D62	26.3674836	T	#F479FF	#ff0000	#ff77ab
ECA2637	TS2	Tropical	-26.3674836	152.5852451	Australia	#FC8D62	26.3674836	Admixed	gray80	#ff0000	#ff77ab
ECA2645	TS2	Tropical	-26.62221389	152.6910056	Australia	#FC8D62	26.62221389	T	#F479FF	#ff0000	#ff77ab
ECA2663	TS2	Tropical	-26.6213395	152.6923809	Australia	#FC8D62	26.6213395	T	#F479FF	#ff0000	#ff77ab
ECA2664	TS2	Tropical	12.17453	-61.62731	Caribbean	#FFD92F	12.17453	U	#5F0158	#ff0000	#ff77ab
ECA2667	TS2	Tropical	-26.36741111	152.5852889	Australia	#FC8D62	26.36741111	T	#F479FF	#ff0000	#ff77ab
ECA2808	TS2	Tropical	29.642849	-82.34452	North America	#A65628	29.642849	Admixed	gray80	#ff0000	#ff77ab
ECA288	TS2	Tropical	9.926663289	-84.04235373	Central America	#8DA0CB	9.926663289	Admixed	gray80	#ff0000	#ff77ab
ECA2883	TS2	Tropical	21.3570225	-157.7642941	Hawaii	#66C2A5	21.3570225	T	#F479FF	#ff0000	#ff77ab
ECA2890	TS2	Tropical	21.3557721	-157.7653457	Hawaii	#66C2A5	21.3557721	T	#F479FF	#ff0000	#ff77ab
ECA2894	TS2	Tropical	21.3570225	-157.7642941	Hawaii	#66C2A5	21.3570225	T	#F479FF	#ff0000	#ff77ab
ECA2975	TS2	Tropical	22.0638967	-159.3522759	Hawaii	#66C2A5	22.0638967	T	#F479FF	#ff0000	#ff77ab
ECA3091	TS2	Tropical	21.3291451	-157.8211953	Hawaii	#66C2A5	21.3291451	T	#F479FF	#ff0000	#ff77ab
ECA343	TS2	Tropical	21.3166667	-157.8202778	Hawaii	#66C2A5	21.3166667	T	#F479FF	#ff0000	#ff77ab
ECA346	TS2	Tropical	26.461525	-82.0554972	North America	#A65628	26.461525	Admixed	gray80	#ff0000	#ff77ab
ECA3503	TS2	Tropical	22.075157	-159.41413	Hawaii	#66C2A5	22.075157	T	#F479FF	#ff0000	#ff77ab
ECA3509	TS2	Tropical	22.081717	-159.412805	Hawaii	#66C2A5	22.081717	T	#F479FF	#ff0000	#ff77ab
ECA3708	TS2	Tropical	21.57379444	-158.2086139	Hawaii	#66C2A5	21.57379444	T	#F479FF	#ff0000	#ff77ab
ECA371	TS2	Tropical	22.0286111	-159.3825	Hawaii	#66C2A5	22.0286111	T	#F479FF	#ff0000	#ff77ab
ECA3712	TS2	Tropical	21.63066111	-158.0478667	Hawaii	#66C2A5	21.63066111	T	#F479FF	#ff0000	#ff77ab
ECA3713	TS2	Tropical	21.63323889	-158.05215	Hawaii	#66C2A5	21.63323889	T	#F479FF	#ff0000	#ff77ab
ECA3899	TS2	Tropical	21.87481389	-159.4416472	Hawaii	#66C2A5	21.87481389	T	#F479FF	#ff0000	#ff77ab
ED3032	TS2	Tropical	25.158056	121.515831	Taiwan	#E5C494	25.158056	Admixed	gray80	#ff0000	#ff77ab
ED3037	TS2	Tropical	25.123667	121.532982	Taiwan	#E5C494	25.123667	Admixed	gray80	#ff0000	#ff77ab
ED3088	TS2	Tropical	-26.166667	28.016667	Africa	#A6D854	26.166667	Admixed	gray80	#ff0000	#ff77ab
EG5612	TS2	Tropical	-23.18	-44.19	South America	#E78AC3	23.18	I	#77C002	#ff0000	#ff77ab
EG5613	TS2	Tropical	-23.18234	-44.19456	South America	#E78AC3	23.18234	Admixed	gray80	#ff0000	#ff77ab
EG6179	TS2	Tropical	-17.53	-149.83	Pacific	#611EA1	17.53	T	#F479FF	#ff0000	#ff77ab
EG6260	TS2	Tropical	18.11	-66.16	Caribbean	#FFD92F	18.11	U	#5F0158	#ff0000	#ff77ab
EG6261	TS2	Tropical	18.11	-66.16	Caribbean	#FFD92F	18.11	Admixed	gray80	#ff0000	#ff77ab
EG6267	TS2	Tropical	18.45	-66	Caribbean	#FFD92F	18.45	Admixed	gray80	#ff0000	#ff77ab
EG6271	TS2	Tropical	18.3	-65.8	Caribbean	#FFD92F	18.3	U	#5F0158	#ff0000	#ff77ab
EG6272	TS2	Tropical	18.45	-66	Caribbean	#FFD92F	18.45	Admixed	gray80	#ff0000	#ff77ab
EG6274	TS2	Tropical	-23.5	-46.7	South America	#E78AC3	23.5	T	#F479FF	#ff0000	#ff77ab
EG6275	TS2	Tropical	-23.5	-46.7	South America	#E78AC3	23.5	T	#F479FF	#ff0000	#ff77ab
EG6276	TS2	Tropical	-23.5	-46.7	South America	#E78AC3	23.5	T	#F479FF	#ff0000	#ff77ab
EG6329	TS2	Tropical	18.3	-65.8	Caribbean	#FFD92F	18.3	Admixed	gray80	#ff0000	#ff77ab
GXW22	TS2	Tropical	23.15	113.35	Asia	#399EB8	23.15	Admixed	gray80	#ff0000	#ff77ab
GXW23	TS2	Tropical	30.54	114.42	Asia	#399EB8	30.54	Admixed	gray80	#ff0000	#ff77ab
HPT16	TS2	Tropical	-7.822561	112.5870957	Pacific	#611EA1	7.822561	Admixed	gray80	#ff0000	#ff77ab
HPT19	TS2	Tropical	-7.8235187	112.5881514	Pacific	#611EA1	7.8235187	Admixed	gray80	#ff0000	#ff77ab
HPT2	TS2	Tropical	-7.800708	112.515721	Pacific	#611EA1	7.800708	Admixed	gray80	#ff0000	#ff77ab
HPT21	TS2	Tropical	-7.8254539	112.5897866	Pacific	#611EA1	7.8254539	L	#05DEA2	#ff0000	#ff77ab
HPT34	TS2	Tropical	-5.256105	119.863864	Pacific	#611EA1	5.256105	Admixed	gray80	#ff0000	#ff77ab
HPT37	TS2	Tropical	-5.256498	119.864142	Pacific	#611EA1	5.256498	Admixed	gray80	#ff0000	#ff77ab
HPT4	TS2	Tropical	-7.801594	112.517286	Pacific	#611EA1	7.801594	Admixed	gray80	#ff0000	#ff77ab
HPT42	TS2	Tropical	-5.252889	119.865139	Pacific	#611EA1	5.252889	Admixed	gray80	#ff0000	#ff77ab
HPT52	TS2	Tropical	-8.5405	115.1725	Pacific	#611EA1	8.5405	Admixed	gray80	#ff0000	#ff77ab
HPT53	TS2	Tropical	-8.526342	115.167778	Pacific	#611EA1	8.526342	L	#05DEA2	#ff0000	#ff77ab
HPT54	TS2	Tropical	-8.530492	115.164917	Pacific	#611EA1	8.530492	L	#05DEA2	#ff0000	#ff77ab
HPT55	TS2	Tropical	-8.53075	115.164939	Pacific	#611EA1	8.53075	L	#05DEA2	#ff0000	#ff77ab
HPT59	TS2	Tropical	-8.52519	115.16689	Pacific	#611EA1	8.52519	L	#05DEA2	#ff0000	#ff77ab
HPT60	TS2	Tropical	-8.52522	115.16686	Pacific	#611EA1	8.52522	L	#05DEA2	#ff0000	#ff77ab
HPT63	TS2	Tropical	-8.37285	115.4541	Pacific	#611EA1	8.37285	L	#05DEA2	#ff0000	#ff77ab
HPT7	TS2	Tropical	-7.804727	112.51613	Pacific	#611EA1	7.804727	Admixed	gray80	#ff0000	#ff77ab
HPT8	TS2	Tropical	-7.80504	112.51691	Pacific	#611EA1	7.80504	Admixed	gray80	#ff0000	#ff77ab
HPT9	TS2	Tropical	-7.803102	112.515932	Pacific	#611EA1	7.803102	Admixed	gray80	#ff0000	#ff77ab
JU1337	TS2	Tropical	8.32	77.075	Asia	#399EB8	8.32	Admixed	gray80	#ff0000	#ff77ab
JU1338	TS2	Tropical	8.509	76.956	Asia	#399EB8	8.509	A	#4B0401	#ff0000	#ff77ab
JU1344	TS2	Tropical	8.7629	77.1155	Cosmopolitan	gray30	8.7629	Cosmopolitan	white	#ff0000	#ff77ab
JU1346	TS2	Tropical	9.55	76.8	Asia	#399EB8	9.55	A	#4B0401	#ff0000	#ff77ab
JU1347	TS2	Tropical	9.6	77.13	Asia	#399EB8	9.6	Admixed	gray80	#ff0000	#ff77ab
JU1375	TS2	Tropical	-21.0469	55.6885	Africa	#A6D854	21.0469	Admixed	gray80	#ff0000	#ff77ab
JU1377	TS2	Tropical	-21.0476	55.6905	Africa	#A6D854	21.0476	Admixed	gray80	#ff0000	#ff77ab
JU1378	TS2	Tropical	-21.0478	55.6878	Africa	#A6D854	21.0478	Admixed	gray80	#ff0000	#ff77ab
JU1392	TS2	Tropical	-22.916	-43.173	South America	#E78AC3	22.916	T	#F479FF	#ff0000	#ff77ab
JU1424	TS2	Tropical	22.4	105.6	Asia	#399EB8	22.4	A	#4B0401	#ff0000	#ff77ab
JU1435	TS2	Tropical	-21.05	55.27	Africa	#A6D854	21.05	Admixed	gray80	#ff0000	#ff77ab
JU1637	TS2	Tropical	17.1363	-25.0682	Africa	#A6D854	17.1363	Admixed	gray80	#ff0000	#ff77ab
JU1638	TS2	Tropical	17.13768	-25.06689	Africa	#A6D854	17.13768	Admixed	gray80	#ff0000	#ff77ab
JU1794	TS2	Tropical	-16.8	-151.5	Pacific	#611EA1	16.8	Admixed	gray80	#ff0000	#ff77ab
JU1795	TS2	Tropical	-16.8	-151.5	Pacific	#611EA1	16.8	T	#F479FF	#ff0000	#ff77ab
JU1799	TS2	Tropical	-21.12	55.778	Africa	#A6D854	21.12	Admixed	gray80	#ff0000	#ff77ab
JU1802	TS2	Tropical	-21.12	55.778	Africa	#A6D854	21.12	Admixed	gray80	#ff0000	#ff77ab
JU1814	TS2	Tropical	4.9459	-52.316883	South America	#E78AC3	4.9459	U	#5F0158	#ff0000	#ff77ab
JU1884	TS2	Tropical	15.7	-88.8	Central America	#8DA0CB	15.7	T	#F479FF	#ff0000	#ff77ab
JU1885	TS2	Tropical	7.2995	80.6437	Asia	#399EB8	7.2995	Admixed	gray80	#ff0000	#ff77ab
JU1907	TS2	Tropical	-17.495	145.612	Australia	#FC8D62	17.495	Admixed	gray80	#ff0000	#ff77ab
JU1908	TS2	Tropical	-17.495	145.612	Australia	#FC8D62	17.495	L	#05DEA2	#ff0000	#ff77ab
JU1909	TS2	Tropical	-18.5245	146.3327	Australia	#FC8D62	18.5245	L	#05DEA2	#ff0000	#ff77ab
JU1913	TS2	Tropical	-20.37	148.85	Australia	#FC8D62	20.37	Admixed	gray80	#ff0000	#ff77ab
JU2053	TS2	Tropical	21.96385	-159.35838	Cosmopolitan	gray30	21.96385	Cosmopolitan	white	#ff0000	#ff77ab
JU2054	TS2	Tropical	21.96385	-159.35838	Hawaii	#66C2A5	21.96385	T	#F479FF	#ff0000	#ff77ab
JU2056	TS2	Tropical	22.219	-159.5763	Hawaii	#66C2A5	22.219	T	#F479FF	#ff0000	#ff77ab
JU2214	TS2	Tropical	-6.462863	-76.335715	South America	#E78AC3	6.462863	Admixed	gray80	#ff0000	#ff77ab
JU2472	TS2	Tropical	-12.732834	45.186209	Africa	#A6D854	12.732834	Admixed	gray80	#ff0000	#ff77ab
JU2506	TS2	Tropical	48.7015	2.1725	Cosmopolitan	gray30	48.7015	Cosmopolitan	white	#ff0000	#ff77ab
JU2747	TS2	Tropical	16.1761	-61.6951	Cosmopolitan	gray30	16.1761	Cosmopolitan	white	#ff0000	#ff77ab
JU2799	TS2	Tropical	51.5378	9.9359	Europe	#E41A1C	51.5378	Admixed	gray80	#ff0000	#ff77ab
JU2836	TS2	Tropical	20.66143	-105.253201	Central America	#8DA0CB	20.66143	Admixed	gray80	#ff0000	#ff77ab
JU2849	TS2	Tropical	-20.382477	-43.505978	South America	#E78AC3	20.382477	I	#77C002	#ff0000	#ff77ab
JU2861	TS2	Tropical	52.1944	0.1264	Europe	#E41A1C	52.1944	T	#F479FF	#ff0000	#ff77ab
JU2868	TS2	Tropical	48.2053	16.3666	Europe	#E41A1C	48.2053	T	#F479FF	#ff0000	#ff77ab
JU3171	TS2	Tropical	0.289	6.612	Cosmopolitan	gray30	0.289	Cosmopolitan	white	#ff0000	#ff77ab
JU3207	TS2	Tropical	13.07206	77.58014	Asia	#399EB8	13.07206	T	#F479FF	#ff0000	#ff77ab
JU3281	TS2	Tropical	50.0711	14.42028	Europe	#E41A1C	50.0711	Admixed	gray80	#ff0000	#ff77ab
JU3319	TS2	Tropical	31.2306	121.4718	Asia	#399EB8	31.2306	Admixed	gray80	#ff0000	#ff77ab
JU3321	TS2	Tropical	31.15	121.44305	Asia	#399EB8	31.15	L	#05DEA2	#ff0000	#ff77ab
JU3327	TS2	Tropical	31.23025	121.3955	Asia	#399EB8	31.23025	L	#05DEA2	#ff0000	#ff77ab
JU4042	TS2	Tropical	21.03892	105.83122	Asia	#399EB8	21.03892	L	#05DEA2	#ff0000	#ff77ab
JU4051	TS2	Tropical	22.3228	103.8841	Asia	#399EB8	22.3228	A	#4B0401	#ff0000	#ff77ab
JU4058	TS2	Tropical	22.301	103.9218	Asia	#399EB8	22.301	Admixed	gray80	#ff0000	#ff77ab
JU4060	TS2	Tropical	22.2901	103.9332	Asia	#399EB8	22.2901	A	#4B0401	#ff0000	#ff77ab
JU4062	TS2	Tropical	22.2898	103.9338	Asia	#399EB8	22.2898	A	#4B0401	#ff0000	#ff77ab
JU4064	TS2	Tropical	22.2883	103.9369	Asia	#399EB8	22.2883	A	#4B0401	#ff0000	#ff77ab
JU4080	TS2	Tropical	12.0641	108.5043	Asia	#399EB8	12.0641	Admixed	gray80	#ff0000	#ff77ab
JU4084	TS2	Tropical	12.1639	108.6667	Asia	#399EB8	12.1639	A	#4B0401	#ff0000	#ff77ab
JU4097	TS2	Tropical	12.15426	108.65825	Asia	#399EB8	12.15426	A	#4B0401	#ff0000	#ff77ab
JU725	TS2	Tropical	24.75	110.5	Asia	#399EB8	24.75	Admixed	gray80	#ff0000	#ff77ab
MY2716	TS2	Tropical	54.3491	10.11505	Europe	#E41A1C	54.3491	T	#F479FF	#ff0000	#ff77ab
MY539	TS2	Tropical	54.3491	10.11505	Europe	#E41A1C	54.3491	T	#F479FF	#ff0000	#ff77ab
NIC1062	TS2	Tropical	20.68576	-88.20927	Central America	#8DA0CB	20.68576	Admixed	gray80	#ff0000	#ff77ab
NIC1069	TS2	Tropical	20.67859	-88.56941	Central America	#8DA0CB	20.67859	Admixed	gray80	#ff0000	#ff77ab
NIC1104	TS2	Tropical	3.638367	-76.198343	South America	#E78AC3	3.638367	Admixed	gray80	#ff0000	#ff77ab
NIC1106	TS2	Tropical	3.45893	-76.531944	South America	#E78AC3	3.45893	Admixed	gray80	#ff0000	#ff77ab
NIC1117	TS2	Tropical	-12.837789	-71.365833	South America	#E78AC3	12.837789	T	#F479FF	#ff0000	#ff77ab
NIC1123	TS2	Tropical	-12.87435802	-69.49724601	South America	#E78AC3	12.87435802	A	#4B0401	#ff0000	#ff77ab
NIC115	TS2	Tropical	16.0207	-61.597	Caribbean	#FFD92F	16.0207	U	#5F0158	#ff0000	#ff77ab
NIC117	TS2	Tropical	16.1779	-61.6563	Caribbean	#FFD92F	16.1779	U	#5F0158	#ff0000	#ff77ab
NIC119	TS2	Tropical	16.1779	-61.6563	Caribbean	#FFD92F	16.1779	U	#5F0158	#ff0000	#ff77ab
NIC1202	TS2	Tropical	26.22481	119.99506	Asia	#399EB8	26.22481	Admixed	gray80	#ff0000	#ff77ab
NIC1204	TS2	Tropical	26.22481	119.99506	Asia	#399EB8	26.22481	Admixed	gray80	#ff0000	#ff77ab
NIC1218	TS2	Tropical	25.95224	119.9771	Asia	#399EB8	25.95224	Admixed	gray80	#ff0000	#ff77ab
NIC1221	TS2	Tropical	25.95147	119.96883	Asia	#399EB8	25.95147	Admixed	gray80	#ff0000	#ff77ab
NIC123	TS2	Tropical	16.1779	-61.6563	Caribbean	#FFD92F	16.1779	U	#5F0158	#ff0000	#ff77ab
NIC1308	TS2	Tropical	4.864420993	-52.34596004	South America	#E78AC3	4.864420993	Admixed	gray80	#ff0000	#ff77ab
NIC1525	TS2	Tropical	-17.088793	49.827329	Africa	#A6D854	17.088793	Admixed	gray80	#ff0000	#ff77ab
NIC1528	TS2	Tropical	-16.755721	49.99665	Africa	#A6D854	16.755721	U	#5F0158	#ff0000	#ff77ab
NIC1529	TS2	Tropical	-16.755873	49.996516	Africa	#A6D854	16.755873	Admixed	gray80	#ff0000	#ff77ab
NIC1533	TS2	Tropical	-16.75706	49.993077	Africa	#A6D854	16.75706	Admixed	gray80	#ff0000	#ff77ab
NIC1535	TS2	Tropical	-17.088793	49.827329	Africa	#A6D854	17.088793	Admixed	gray80	#ff0000	#ff77ab
NIC1628	TS2	Tropical	25.02113	121.58315	Taiwan	#E5C494	25.02113	L	#05DEA2	#ff0000	#ff77ab
NIC1688	TS2	Tropical	25.03266	121.587	Taiwan	#E5C494	25.03266	Admixed	gray80	#ff0000	#ff77ab
NIC17	TS2	Tropical	-21.027	55.538	Africa	#A6D854	21.027	Admixed	gray80	#ff0000	#ff77ab
NIC187	TS2	Tropical	15.8552	-61.5976	Caribbean	#FFD92F	15.8552	U	#5F0158	#ff0000	#ff77ab
NIC188	TS2	Tropical	16.0455	-61.6938	Caribbean	#FFD92F	16.0455	U	#5F0158	#ff0000	#ff77ab
NIC191	TS2	Tropical	16.0455	-61.6938	Caribbean	#FFD92F	16.0455	U	#5F0158	#ff0000	#ff77ab
NIC2369	TS2	Tropical	4.037352959	-52.67165498	South America	#E78AC3	4.037352959	I	#77C002	#ff0000	#ff77ab
NIC248	TS2	Tropical	15.853547	-61.631073	Caribbean	#FFD92F	15.853547	U	#5F0158	#ff0000	#ff77ab
NIC250	TS2	Tropical	16.0207	-61.597	Caribbean	#FFD92F	16.0207	U	#5F0158	#ff0000	#ff77ab
NIC2527	TS2	Tropical	39.476358	-0.386592	Europe	#E41A1C	39.476358	L	#05DEA2	#ff0000	#ff77ab
NIC343	TS2	Tropical	5.41134	-53.65517	South America	#E78AC3	5.41134	L	#05DEA2	#ff0000	#ff77ab
NIC419	TS2	Tropical	4.03617	-52.67805	South America	#E78AC3	4.03617	Admixed	gray80	#ff0000	#ff77ab
NIC532	TS2	Tropical	16.018756	-61.593654	Caribbean	#FFD92F	16.018756	U	#5F0158	#ff0000	#ff77ab
NIC541	TS2	Tropical	15.21123	-61.36602	Caribbean	#FFD92F	15.21123	Admixed	gray80	#ff0000	#ff77ab
NIC549	TS2	Tropical	15.56923	-61.3744	Caribbean	#FFD92F	15.56923	U	#5F0158	#ff0000	#ff77ab
NIC552	TS2	Tropical	15.56962	-61.37537	Caribbean	#FFD92F	15.56962	U	#5F0158	#ff0000	#ff77ab
NIC555	TS2	Tropical	15.58933	-61.47222	Caribbean	#FFD92F	15.58933	Admixed	gray80	#ff0000	#ff77ab
NIC561	TS2	Tropical	15.52532	-61.41796	Caribbean	#FFD92F	15.52532	Admixed	gray80	#ff0000	#ff77ab
NIC574	TS2	Tropical	15.47461	-61.29876	Caribbean	#FFD92F	15.47461	U	#5F0158	#ff0000	#ff77ab
NIC578	TS2	Tropical	15.40502	-61.34623	Caribbean	#FFD92F	15.40502	U	#5F0158	#ff0000	#ff77ab
NIC583	TS2	Tropical	15.40368	-61.34699	Caribbean	#FFD92F	15.40368	Admixed	gray80	#ff0000	#ff77ab
NIC590	TS2	Tropical	15.40585	-61.34613	Caribbean	#FFD92F	15.40585	Admixed	gray80	#ff0000	#ff77ab
NIC593	TS2	Tropical	15.4071	-61.3453	Caribbean	#FFD92F	15.4071	U	#5F0158	#ff0000	#ff77ab
NIC61	TS2	Tropical	5.07384	-52.69537	South America	#E78AC3	5.07384	Admixed	gray80	#ff0000	#ff77ab
NIC62	TS2	Tropical	5.07358	-52.69523	South America	#E78AC3	5.07358	Admixed	gray80	#ff0000	#ff77ab
NIC67	TS2	Tropical	4.08533	-52.6751	South America	#E78AC3	4.08533	Admixed	gray80	#ff0000	#ff77ab
NIC758	TS2	Tropical	15.35802	-61.3537	Caribbean	#FFD92F	15.35802	Admixed	gray80	#ff0000	#ff77ab
NIC777	TS2	Tropical	15.5868	-61.47083	Caribbean	#FFD92F	15.5868	Admixed	gray80	#ff0000	#ff77ab
NIC790	TS2	Tropical	23.83645	120.7249	Taiwan	#E5C494	23.83645	L	#05DEA2	#ff0000	#ff77ab
NIC792	TS2	Tropical	23.83633	120.72447	Taiwan	#E5C494	23.83633	Admixed	gray80	#ff0000	#ff77ab
NIC793	TS2	Tropical	23.83631	120.72486	Taiwan	#E5C494	23.83631	Admixed	gray80	#ff0000	#ff77ab
NIC795	TS2	Tropical	23.83617	120.72563	Taiwan	#E5C494	23.83617	L	#05DEA2	#ff0000	#ff77ab
NIC796	TS2	Tropical	23.83617	120.72563	Taiwan	#E5C494	23.83617	Admixed	gray80	#ff0000	#ff77ab
NIC802	TS2	Tropical	23.83701	120.72771	Taiwan	#E5C494	23.83701	Admixed	gray80	#ff0000	#ff77ab
NIC803	TS2	Tropical	23.81441	120.85687	Taiwan	#E5C494	23.81441	Admixed	gray80	#ff0000	#ff77ab
NIC811	TS2	Tropical	23.81433	120.85649	Taiwan	#E5C494	23.81433	Admixed	gray80	#ff0000	#ff77ab
NIC821	TS2	Tropical	23.60283	120.88416	Taiwan	#E5C494	23.60283	Admixed	gray80	#ff0000	#ff77ab
NIC871	TS2	Tropical	25.16734	121.55651	Taiwan	#E5C494	25.16734	Admixed	gray80	#ff0000	#ff77ab
NIC883	TS2	Tropical	23.67108	120.8	Taiwan	#E5C494	23.67108	Admixed	gray80	#ff0000	#ff77ab
NIC901	TS2	Tropical	-22.222833	166.485438	Pacific	#611EA1	22.222833	Admixed	gray80	#ff0000	#ff77ab
NIC911	TS2	Tropical	4.03721	-52.67052	South America	#E78AC3	4.03721	Admixed	gray80	#ff0000	#ff77ab
NIC984	TS2	Tropical	4.03746	-52.67236	South America	#E78AC3	4.03746	Admixed	gray80	#ff0000	#ff77ab
NIC985	TS2	Tropical	4.03726	-52.67243	South America	#E78AC3	4.03726	Admixed	gray80	#ff0000	#ff77ab
PE887	TS2	Tropical	57.131806	-2.10514	Europe	#E41A1C	57.131806	Admixed	gray80	#ff0000	#ff77ab
QG130	TS2	Tropical	22.2202	-159.5829	Hawaii	#66C2A5	22.2202	T	#F479FF	#ff0000	#ff77ab
QG132	TS2	Tropical	22.0804	-159.4124	Hawaii	#66C2A5	22.0804	T	#F479FF	#ff0000	#ff77ab
QG2814	TS2	Tropical	-30.6445167	153.0090333	Australia	#FC8D62	30.6445167	T	#F479FF	#ff0000	#ff77ab
QG2820	TS2	Tropical	-27.4726528	152.9897861	Australia	#FC8D62	27.4726528	Admixed	gray80	#ff0000	#ff77ab
QG2848	TS2	Tropical	-27.4627778	152.9905556	Australia	#FC8D62	27.4627778	Admixed	gray80	#ff0000	#ff77ab
QG2849	TS2	Tropical	-27.4627778	152.9905556	Cosmopolitan	gray30	27.4627778	Cosmopolitan	white	#ff0000	#ff77ab
QG2881	TS2	Tropical	-16.8999	145.7489833	Australia	#FC8D62	16.8999	T	#F479FF	#ff0000	#ff77ab
QG2883	TS2	Tropical	-16.9001167	145.7495833	Australia	#FC8D62	16.9001167	T	#F479FF	#ff0000	#ff77ab
QG2910	TS2	Tropical	-17.2643833	145.4884833	Australia	#FC8D62	17.2643833	Admixed	gray80	#ff0000	#ff77ab
QG3053	TS2	Tropical	9.16484	-79.83659	Central America	#8DA0CB	9.16484	Admixed	gray80	#ff0000	#ff77ab
QG3527	TS2	Tropical	10.42623333	-84.0126	Central America	#8DA0CB	10.42623333	Admixed	gray80	#ff0000	#ff77ab
QG3783	TS2	Tropical	10.4297	-84.00853	Central America	#8DA0CB	10.4297	Admixed	gray80	#ff0000	#ff77ab
QG3815	TS2	Tropical	10.42361667	-84.00118611	Central America	#8DA0CB	10.42361667	Admixed	gray80	#ff0000	#ff77ab
QG3816	TS2	Tropical	10.43803	-84.0112	Central America	#8DA0CB	10.43803	Admixed	gray80	#ff0000	#ff77ab
QG3825	TS2	Tropical	10.43026	-84.00905	Central America	#8DA0CB	10.43026	L	#05DEA2	#ff0000	#ff77ab
QG3826	TS2	Tropical	10.43018	-84.0065	Central America	#8DA0CB	10.43018	Admixed	gray80	#ff0000	#ff77ab
QG3837	TS2	Tropical	10.42540556	-84.00121667	Central America	#8DA0CB	10.42540556	Admixed	gray80	#ff0000	#ff77ab
QG3851	TS2	Tropical	10.41900556	-84.00699722	Central America	#8DA0CB	10.41900556	Admixed	gray80	#ff0000	#ff77ab
QG3861	TS2	Tropical	10.42972	-84.00742	Central America	#8DA0CB	10.42972	Admixed	gray80	#ff0000	#ff77ab
QG3874	TS2	Tropical	10.44027	-84.01227	Central America	#8DA0CB	10.44027	L	#05DEA2	#ff0000	#ff77ab
QG3875	TS2	Tropical	10.44027	-84.01227	Central America	#8DA0CB	10.44027	Admixed	gray80	#ff0000	#ff77ab
QG3876	TS2	Tropical	10.44027	-84.01227	Central America	#8DA0CB	10.44027	Admixed	gray80	#ff0000	#ff77ab
QG3878	TS2	Tropical	10.25937	-84.00514	Central America	#8DA0CB	10.25937	Admixed	gray80	#ff0000	#ff77ab
QG3920	TS2	Tropical	13.225206	-59.588132	Caribbean	#FFD92F	13.225206	Admixed	gray80	#ff0000	#ff77ab
QG3921	TS2	Tropical	13.225206	-59.588132	Caribbean	#FFD92F	13.225206	Admixed	gray80	#ff0000	#ff77ab
QG3923	TS2	Tropical	13.225206	-59.588132	Caribbean	#FFD92F	13.225206	U	#5F0158	#ff0000	#ff77ab
QG3925	TS2	Tropical	13.233538	-59.587865	Caribbean	#FFD92F	13.233538	Admixed	gray80	#ff0000	#ff77ab
QG3926	TS2	Tropical	13.233413	-59.587901	Caribbean	#FFD92F	13.233413	Admixed	gray80	#ff0000	#ff77ab
QG3927	TS2	Tropical	13.233413	-59.587901	Caribbean	#FFD92F	13.233413	Admixed	gray80	#ff0000	#ff77ab
QG3932	TS2	Tropical	13.225206	-59.588132	Caribbean	#FFD92F	13.225206	Admixed	gray80	#ff0000	#ff77ab
QG3933	TS2	Tropical	13.225497	-59.588268	Caribbean	#FFD92F	13.225497	Admixed	gray80	#ff0000	#ff77ab
QG4070	TS2	Tropical	-21.1176781	148.5160414	Australia	#FC8D62	21.1176781	Admixed	gray80	#ff0000	#ff77ab
QG4648	TS2	Tropical	6.9209	158.2632	Pacific	#611EA1	6.9209	Admixed	gray80	#ff0000	#ff77ab
QG4683	TS2	Tropical	6.9666	158.1907	Pacific	#611EA1	6.9666	Admixed	gray80	#ff0000	#ff77ab
QG4706	TS2	Tropical	6.9666	158.1907	Pacific	#611EA1	6.9666	Admixed	gray80	#ff0000	#ff77ab
QG4718	TS2	Tropical	6.9666	158.1907	Pacific	#611EA1	6.9666	Admixed	gray80	#ff0000	#ff77ab
QG4742	TS2	Tropical	6.9213	158.2637	Pacific	#611EA1	6.9213	Admixed	gray80	#ff0000	#ff77ab
QG4847	TS2	Tropical	6.9204	158.2633	Pacific	#611EA1	6.9204	Admixed	gray80	#ff0000	#ff77ab
QG4966	TS2	Tropical	6.9196	158.2712	Pacific	#611EA1	6.9196	Admixed	gray80	#ff0000	#ff77ab
QG5348	TS2	Tropical	6.9666	158.1907	Pacific	#611EA1	6.9666	Admixed	gray80	#ff0000	#ff77ab
QG5406	TS2	Tropical	6.9666	158.1907	Pacific	#611EA1	6.9666	Admixed	gray80	#ff0000	#ff77ab
QG5488	TS2	Tropical	6.9031	158.1706	Pacific	#611EA1	6.9031	Admixed	gray80	#ff0000	#ff77ab
QG550	TS2	Tropical	26.4758	127.834	Pacific	#611EA1	26.4758	Admixed	gray80	#ff0000	#ff77ab
QG5507	TS2	Tropical	6.9666	158.1907	Pacific	#611EA1	6.9666	Admixed	gray80	#ff0000	#ff77ab
QG5525	TS2	Tropical	6.9031	158.1706	Pacific	#611EA1	6.9031	Admixed	gray80	#ff0000	#ff77ab
QG5611	TS2	Tropical	6.9578	158.2086	Pacific	#611EA1	6.9578	Admixed	gray80	#ff0000	#ff77ab
QG5612	TS2	Tropical	6.9578	158.2086	Pacific	#611EA1	6.9578	Admixed	gray80	#ff0000	#ff77ab
QG5633	TS2	Tropical	6.9666	158.1907	Pacific	#611EA1	6.9666	Admixed	gray80	#ff0000	#ff77ab
QG927	TS2	Tropical	9.170850606	-79.8428988	Central America	#8DA0CB	9.170850606	Admixed	gray80	#ff0000	#ff77ab
QX1410	TS2	Tropical	13.821844	-61.049778	Caribbean	#FFD92F	13.821844	U	#5F0158	#ff0000	#ff77ab
QX1795	TS2	Tropical	20.9818	-156.5463	Hawaii	#66C2A5	20.9818	Admixed	gray80	#ff0000	#ff77ab
QX1796	TS2	Tropical	20.8795	-156.1965	Hawaii	#66C2A5	20.8795	T	#F479FF	#ff0000	#ff77ab
QX1800	TS2	Tropical	20.8715	-156.1694	Hawaii	#66C2A5	20.8715	Admixed	gray80	#ff0000	#ff77ab
QX1801	TS2	Tropical	20.8189	-156.0904	Hawaii	#66C2A5	20.8189	Admixed	gray80	#ff0000	#ff77ab
QX1802	TS2	Tropical	20.6299	-156.3948	Hawaii	#66C2A5	20.6299	T	#F479FF	#ff0000	#ff77ab
QX1803	TS2	Tropical	20.72027	-156.44406	Hawaii	#66C2A5	20.72027	T	#F479FF	#ff0000	#ff77ab
QX1804	TS2	Tropical	20.7894	-156.0043	Hawaii	#66C2A5	20.7894	T	#F479FF	#ff0000	#ff77ab
TT3408	TS2	Tropical	18.9082	72.8057	Asia	#399EB8	18.9082	L	#05DEA2	#ff0000	#ff77ab
TT3411	TS2	Tropical	18.90627	72.80395	Asia	#399EB8	18.90627	L	#05DEA2	#ff0000	#ff77ab
VSL2201	TS2	Tropical	12.3807	75.8947	Asia	#399EB8	12.3807	Admixed	gray80	#ff0000	#ff77ab
VSL2210	TS2	Tropical	12.36923	75.90115	Asia	#399EB8	12.36923	Admixed	gray80	#ff0000	#ff77ab
VSL2212	TS2	Tropical	12.3829	75.9013	Asia	#399EB8	12.3829	Admixed	gray80	#ff0000	#ff77ab
VSL2213	TS2	Tropical	12.383	75.903	Asia	#399EB8	12.383	A	#4B0401	#ff0000	#ff77ab
VSL2215	TS2	Tropical	12.3799	75.8974	Asia	#399EB8	12.3799	A	#4B0401	#ff0000	#ff77ab
VSL2216	TS2	Tropical	NA	NA	Asia	#399EB8	NA	A	#4B0401	#ff0000	#ff77ab
VSL2219	TS2	Tropical	NA	NA	Asia	#399EB8	NA	T	#F479FF	#ff0000	#ff77ab
VT847	TS2	Tropical	19.9	-155.6	Hawaii	#66C2A5	19.9	Admixed	gray80	#ff0000	#ff77ab
XZ1204	TS2	Tropical	-23.571	-46.647	South America	#E78AC3	23.571	Admixed	gray80	#ff0000	#ff77ab
XZ1205	TS2	Tropical	-23.852	-46.4172	South America	#E78AC3	23.852	I	#77C002	#ff0000	#ff77ab
XZ1206	TS2	Tropical	-23.852	-46.4172	South America	#E78AC3	23.852	I	#77C002	#ff0000	#ff77ab
XZ1207	TS2	Tropical	-23.892	-46.3326	South America	#E78AC3	23.892	Admixed	gray80	#ff0000	#ff77ab
XZ1210	TS2	Tropical	-23.571	-46.647	South America	#E78AC3	23.571	Admixed	gray80	#ff0000	#ff77ab
XZ1212	TS2	Tropical	-23.571	-46.647	South America	#E78AC3	23.571	Admixed	gray80	#ff0000	#ff77ab
XZ1213	TS2	Tropical	-23.571	-46.647	South America	#E78AC3	23.571	T	#F479FF	#ff0000	#ff77ab
XZ1731	TS2	Tropical	-22.9382	-46.5466	South America	#E78AC3	22.9382	Admixed	gray80	#ff0000	#ff77ab
XZ1732	TS2	Tropical	-23.5707	-46.64471	South America	#E78AC3	23.5707	Admixed	gray80	#ff0000	#ff77ab
ZZY1034	TS2	Tropical	22.38478428	113.9664658	Asia	#399EB8	22.38478428	Admixed	gray80	#ff0000	#ff77ab
ZZY1075	TS2	Tropical	22.78977726	114.739768	Asia	#399EB8	22.78977726	Admixed	gray80	#ff0000	#ff77ab
ZZY1130	TS2	Tropical	22.366493	114.260543	Asia	#399EB8	22.366493	Admixed	gray80	#ff0000	#ff77ab
ZZY405	TS2	Tropical	22.875	114.0625	Asia	#399EB8	22.875	Admixed	gray80	#ff0000	#ff77ab
